,country,iso_code,year,co2_per_capita,consumption_co2_per_capita,temperature_change_from_co2,share_global_co2,land_use_change_co2_per_capita,population,gdp,energy_per_capita,renewables_consumption,happiness_index,happiness_index_rank,continent,hemisphere,human_development_groups,hdi_rank_2021,undp_developing_regions,material_footprint_per_capita,gini_index
54,United Arab Emirates,ARE,2013,27.348,33.019,0.002,0.607,-0.014,7831851.0,606587973942.0,144520.031,0.222,7.144,14.0,Asia,Northern Hemisphere,Very High,26.0,AS,49.68,32.5
55,United Arab Emirates,ARE,2014,26.045,31.416,0.002,0.605,-0.011,8236880.0,631858461256.0,137818.312,0.792,7.0225,,Asia,Northern Hemisphere,Very High,26.0,AS,55.49,
56,United Arab Emirates,ARE,2015,25.943,30.139,0.002,0.636,-0.009,8674633.0,674742705535.0,140994.875,0.761,6.901,20.0,Asia,Northern Hemisphere,Very High,26.0,AS,59.76,
57,United Arab Emirates,ARE,2016,25.235,28.68,0.002,0.644,-0.007,9030873.0,712265114847.0,140575.797,0.794,6.573,28.0,Asia,Northern Hemisphere,Very High,26.0,AS,64.95,
58,United Arab Emirates,ARE,2017,21.279,25.843,0.002,0.546,-0.007,9234330.0,717500233045.0,131237.281,1.863,6.648,21.0,Asia,Northern Hemisphere,Very High,26.0,AS,75.61,
59,United Arab Emirates,ARE,2018,21.837,26.453,0.002,0.556,-0.0,9346870.0,726928170282.0,121187.641,2.98,6.774,20.0,Asia,Northern Hemisphere,Very High,26.0,AS,65.97,26.4
60,United Arab Emirates,ARE,2019,21.76,25.242,0.002,0.55,-0.003,9377855.0,734982504070.0,129769.297,9.049,6.825,21.0,Asia,Northern Hemisphere,Very High,26.0,AS,68.95,
61,United Arab Emirates,ARE,2020,22.783,23.472,0.002,0.612,-0.001,9448529.0,698549476819.0,125363.312,12.804,6.791,21.0,Asia,Northern Hemisphere,Very High,26.0,AS,68.95,
62,United Arab Emirates,ARE,2021,21.675,24.475,0.002,0.576,-0.002,9789055.0,725904671328.0,126734.023,15.401,6.561,25.0,Asia,Northern Hemisphere,Very High,26.0,AS,68.95,
63,Argentina,ARG,2013,4.451,4.785,0.008,0.537,2.426,42582453.0,849088398588.0,23705.746,101.686,6.562,29.0,America,Southern Hemisphere,Very High,47.0,LAC,16.74,41.1
64,Argentina,ARG,2014,4.382,4.455,0.008,0.532,4.132,43024071.0,827750786191.0,23080.285,102.627,6.568,,America,Southern Hemisphere,Very High,47.0,LAC,16.57,41.8
65,Argentina,ARG,2015,4.412,4.742,0.008,0.542,2.562,43477011.0,850356641236.0,23230.486,103.185,6.574,30.0,America,Southern Hemisphere,Very High,47.0,LAC,17.85,
66,Argentina,ARG,2016,4.328,4.337,0.008,0.537,2.457,43900312.0,832669278245.0,22909.215,95.882,6.65,26.0,America,Southern Hemisphere,Very High,47.0,LAC,16.95,42.3
67,Argentina,ARG,2017,4.224,4.363,0.008,0.52,1.822,44288898.0,856142153676.0,22511.016,103.551,6.599,24.0,America,Southern Hemisphere,Very High,47.0,LAC,18.75,41.4
68,Argentina,ARG,2018,4.087,4.114,0.008,0.497,2.539,44654876.0,833736983405.0,22081.684,106.101,6.388,29.0,America,Southern Hemisphere,Very High,47.0,LAC,16.88,41.7
69,Argentina,ARG,2019,4.012,3.84,0.009,0.487,3.597,44973469.0,817053926667.0,20582.312,105.008,6.086,47.0,America,Southern Hemisphere,Very High,47.0,LAC,15.81,43.3
70,Argentina,ARG,2020,3.643,3.542,0.009,0.468,2.855,45191960.0,735814250460.0,19117.824,101.519,5.975,55.0,America,Southern Hemisphere,Very High,47.0,LAC,15.81,42.7
71,Argentina,ARG,2021,4.197,4.023,0.009,0.516,3.484,45312282.0,812324184006.0,20925.615,103.147,5.929,57.0,America,Southern Hemisphere,Very High,47.0,LAC,15.81,42.4
99,Australia,AUS,2013,17.122,16.621,0.013,1.128,7.076,23236271.0,1086068056518.0,66946.461,95.674,7.35,10.0,Oceania,Southern Hemisphere,Very High,5.0,,45.97,
100,Australia,AUS,2014,16.639,16.296,0.013,1.107,3.546,23595599.0,1113888062929.0,66387.727,88.418,7.317,,Oceania,Southern Hemisphere,Very High,5.0,,47.8,34.4
101,Australia,AUS,2015,16.727,16.169,0.013,1.131,1.59,23947997.0,1139303344945.0,66879.32,95.058,7.284,10.0,Oceania,Southern Hemisphere,Very High,5.0,,46.91,
102,Australia,AUS,2016,16.838,16.026,0.013,1.157,3.922,24329963.0,1169967279612.0,66045.68,108.587,7.313,9.0,Oceania,Southern Hemisphere,Very High,5.0,,46.32,33.7
103,Australia,AUS,2017,16.716,16.013,0.013,1.149,3.634,24731044.0,1197832839959.0,64778.02,101.723,7.284,9.0,Oceania,Southern Hemisphere,Very High,5.0,,48.27,
104,Australia,AUS,2018,16.512,15.382,0.014,1.129,2.028,25119700.0,1231576952488.0,64726.418,127.007,7.272,10.0,Oceania,Southern Hemisphere,Very High,5.0,,47.7,34.3
105,Australia,AUS,2019,16.283,15.055,0.014,1.119,1.538,25482714.0,1255505542015.0,65938.531,140.546,7.228,11.0,Oceania,Southern Hemisphere,Very High,5.0,,46.82,
106,Australia,AUS,2020,15.481,14.541,0.014,1.134,3.649,25743787.0,1232259790388.0,61584.258,162.166,7.223,12.0,Oceania,Southern Hemisphere,Very High,5.0,,46.82,33.8
107,Australia,AUS,2021,14.966,13.99,0.014,1.054,2.229,25956417.0,1296705194119.0,61230.445,193.787,7.183,11.0,Oceania,Southern Hemisphere,Very High,5.0,,46.82,
108,Austria,AUT,2013,7.989,10.749,0.002,0.192,0.001,8481411.0,352182904722.0,48441.508,137.063,7.369,8.0,Europe,Northern Hemisphere,Very High,25.0,,27.32,30.8
109,Austria,AUT,2014,7.506,10.761,0.002,0.181,-0.005,8547812.0,354511819035.0,46197.699,135.54,7.2844999999999995,,Europe,Northern Hemisphere,Very High,25.0,,27.48,30.5
110,Austria,AUT,2015,7.677,10.082,0.002,0.187,-0.08,8644037.0,358108266932.0,45856.262,128.618,7.2,13.0,Europe,Northern Hemisphere,Very High,25.0,,26.4,30.5
111,Austria,AUT,2016,7.693,10.155,0.002,0.19,-0.118,8737920.0,365232738553.0,46881.992,136.689,7.119,12.0,Europe,Northern Hemisphere,Very High,25.0,,26.89,30.8
112,Austria,AUT,2017,7.91,10.071,0.002,0.193,-0.078,8798779.0,373481694490.0,47457.57,136.104,7.006,13.0,Europe,Northern Hemisphere,Very High,25.0,,25.62,29.7
113,Austria,AUT,2018,7.529,10.007,0.002,0.181,-0.044,8841653.0,382540042762.0,46190.699,132.866,7.139,12.0,Europe,Northern Hemisphere,Very High,25.0,,25.39,30.8
114,Austria,AUT,2019,7.651,9.753,0.002,0.183,-0.078,8880876.0,388344674039.0,48188.984,143.464,7.246,10.0,Europe,Northern Hemisphere,Very High,25.0,,24.62,30.2
115,Austria,AUT,2020,6.97,8.833,0.003,0.177,-0.09,8921402.0,363281092036.0,44852.156,144.513,7.294,9.0,Europe,Northern Hemisphere,Very High,25.0,,24.62,29.8
116,Austria,AUT,2021,7.333,9.535,0.003,0.178,-0.058,8967053.0,379835198584.0,45314.195,138.067,7.268,10.0,Europe,Northern Hemisphere,Very High,25.0,,24.62,30.7
135,Belgium,BEL,2013,9.213,18.527,0.005,0.291,0.208,11160277.0,425993254852.0,62894.422,36.852,6.967,21.0,Europe,Northern Hemisphere,Very High,13.0,,30.08,27.7
136,Belgium,BEL,2014,8.66,18.472,0.006,0.274,0.293,11210113.0,432717694183.0,58059.273,38.442,6.952,,Europe,Northern Hemisphere,Very High,13.0,,30.04,28.1
137,Belgium,BEL,2015,8.987,17.884,0.006,0.286,0.391,11275332.0,441551470878.0,58306.633,42.857,6.937,19.0,Europe,Northern Hemisphere,Very High,13.0,,29.32,27.7
138,Belgium,BEL,2016,8.808,18.298,0.006,0.282,0.252,11332707.0,447144517813.0,62607.219,44.179,6.929,18.0,Europe,Northern Hemisphere,Very High,13.0,,29.39,27.6
139,Belgium,BEL,2017,8.727,17.846,0.006,0.276,0.358,11376583.0,454386396677.0,62940.031,48.534,6.891,17.0,Europe,Northern Hemisphere,Very High,13.0,,34.02,27.4
140,Belgium,BEL,2018,8.772,18.542,0.006,0.273,0.326,11428608.0,462533269863.0,62492.762,51.595,6.927,16.0,Europe,Northern Hemisphere,Very High,13.0,,34.48,27.2
141,Belgium,BEL,2019,8.685,17.795,0.006,0.269,0.338,11490623.0,472897988852.0,64258.418,56.982,6.923,18.0,Europe,Northern Hemisphere,Very High,13.0,,33.45,27.2
142,Belgium,BEL,2020,7.908,15.8,0.006,0.26,0.293,11540102.0,447544069854.0,57530.324,68.902,6.864,20.0,Europe,Northern Hemisphere,Very High,13.0,,33.45,26.0
143,Belgium,BEL,2021,8.204,17.442,0.006,0.257,0.255,11570843.0,474995824355.0,63805.598,67.433,6.834,20.0,Europe,Northern Hemisphere,Very High,13.0,,33.45,26.6
171,Bangladesh,BGD,2013,0.414,0.41,0.002,0.184,0.064,156532134.0,486135250102.0,1958.554,2.491,4.804,108.0,Asia,Northern Hemisphere,Medium,129.0,SA,2.91,
172,Bangladesh,BGD,2014,0.428,0.676,0.002,0.19,0.067,157964931.0,516793803718.0,2016.64,2.185,4.7490000000000006,,Asia,Northern Hemisphere,Medium,129.0,SA,2.15,
173,Bangladesh,BGD,2015,0.483,0.482,0.002,0.217,0.079,159383179.0,552104723056.0,2416.201,3.053,4.694,109.0,Asia,Northern Hemisphere,Medium,129.0,SA,2.54,
174,Bangladesh,BGD,2016,0.508,0.787,0.002,0.231,0.071,160811934.0,589932630231.0,2404.679,2.861,4.643,110.0,Asia,Northern Hemisphere,Medium,129.0,SA,2.33,32.4
175,Bangladesh,BGD,2017,0.534,0.826,0.002,0.241,0.072,162186146.0,630957812405.0,2484.585,3.451,4.608,110.0,Asia,Northern Hemisphere,Medium,129.0,SA,2.37,
176,Bangladesh,BGD,2018,0.53,0.852,0.002,0.236,0.104,163523109.0,678912369102.0,2631.359,3.046,4.5,115.0,Asia,Northern Hemisphere,Medium,129.0,SA,2.84,
177,Bangladesh,BGD,2019,0.575,0.901,0.002,0.256,0.098,164913060.0,717214595514.0,2926.16,3.085,4.456,125.0,Asia,Northern Hemisphere,Medium,129.0,SA,2.88,
178,Bangladesh,BGD,2020,0.576,0.894,0.002,0.272,0.086,166298024.0,754358367084.0,2750.767,2.985,4.833,107.0,Asia,Northern Hemisphere,Medium,129.0,SA,2.88,
179,Bangladesh,BGD,2021,0.588,0.942,0.002,0.267,0.079,167658855.0,807308397444.0,2937.336,3.301,5.025,101.0,Asia,Northern Hemisphere,Medium,129.0,SA,2.88,
180,Bulgaria,BGR,2013,5.862,5.168,0.002,0.121,-0.968,7264605.0,109643527181.0,27270.346,19.013,3.981,144.0,Europe,Northern Hemisphere,High,68.0,,17.08,36.6
181,Bulgaria,BGR,2014,6.253,5.473,0.002,0.127,-0.676,7223450.0,110703533681.0,29286.607,20.18,4.0995,,Europe,Northern Hemisphere,High,68.0,,17.58,37.4
182,Bulgaria,BGR,2015,6.705,5.711,0.002,0.136,-0.844,7177515.0,114498611934.0,31303.371,23.999,4.218,134.0,Europe,Northern Hemisphere,High,68.0,,19.12,38.6
183,Bulgaria,BGR,2016,6.362,5.679,0.002,0.128,-0.85,7127436.0,117979077002.0,29900.988,19.781,4.217,129.0,Europe,Northern Hemisphere,High,68.0,,19.56,40.6
184,Bulgaria,BGR,2017,6.706,5.924,0.002,0.132,-0.859,7075642.0,121237951710.0,30834.584,17.469,4.714,105.0,Europe,Northern Hemisphere,High,68.0,,19.29,40.4
185,Bulgaria,BGR,2018,6.193,5.851,0.002,0.118,-0.812,7024745.0,124492855771.0,31149.057,26.206,4.933,100.0,Europe,Northern Hemisphere,High,68.0,,14.69,41.3
186,Bulgaria,BGR,2019,6.049,5.725,0.002,0.114,-0.814,6975466.0,129520075495.0,30327.924,21.759,5.011,97.0,Europe,Northern Hemisphere,High,68.0,,15.02,40.3
187,Bulgaria,BGR,2020,5.274,5.232,0.002,0.104,-0.903,6933656.0,124392792956.0,28177.615,21.521,5.102,96.0,Europe,Northern Hemisphere,High,68.0,,15.02,40.5
188,Bulgaria,BGR,2021,6.16,5.952,0.002,0.115,-1.112,6877222.0,133889804025.0,32263.266,29.074,5.266,88.0,Europe,Northern Hemisphere,High,68.0,,15.02,39.0
216,Belarus,BLR,2013,6.778,7.341,0.004,0.182,0.388,9464454.0,177632980571.0,31085.303,0.898,5.504,66.0,Europe,Northern Hemisphere,Very High,60.0,ECA,7.55,26.6
217,Belarus,BLR,2014,6.725,7.052,0.004,0.18,0.271,9472704.0,180627882895.0,31127.623,0.871,5.6585,,Europe,Northern Hemisphere,Very High,60.0,ECA,7.98,27.2
218,Belarus,BLR,2015,6.201,6.662,0.004,0.166,0.344,9487289.0,173709821418.0,28138.871,0.922,5.813,59.0,Europe,Northern Hemisphere,Very High,60.0,ECA,6.53,25.6
219,Belarus,BLR,2016,6.126,6.981,0.004,0.164,0.404,9499066.0,169304543676.0,28718.361,1.105,5.802,61.0,Europe,Northern Hemisphere,Very High,60.0,ECA,5.63,25.3
220,Belarus,BLR,2017,6.26,7.246,0.004,0.165,0.346,9495793.0,173606575679.0,29259.266,2.017,5.569,67.0,Europe,Northern Hemisphere,Very High,60.0,ECA,6.18,25.4
221,Belarus,BLR,2018,6.558,7.732,0.004,0.169,0.216,9480031.0,179054352755.0,32402.701,1.83,5.483,73.0,Europe,Northern Hemisphere,Very High,60.0,ECA,6.75,25.2
222,Belarus,BLR,2019,6.589,7.654,0.004,0.168,0.021,9435415.0,181643469714.0,32726.744,2.231,5.323,81.0,Europe,Northern Hemisphere,Very High,60.0,ECA,5.59,25.3
223,Belarus,BLR,2020,6.323,7.107,0.004,0.168,-0.108,9350943.0,180420997693.0,30643.369,2.702,5.54,75.0,Europe,Northern Hemisphere,Very High,60.0,ECA,5.59,24.4
224,Belarus,BLR,2021,6.579,7.599,0.004,0.165,-0.184,9251368.0,184521985376.0,33803.074,3.455,5.534,75.0,Europe,Northern Hemisphere,Very High,60.0,ECA,5.59,
252,Brazil,BRA,2013,2.678,3.002,0.052,1.507,6.43,198478290.0,3116394665745.0,17638.982,1317.562,6.849,24.0,America,Southern Hemisphere,High,87.0,LAC,20.78,52.7
253,Brazil,BRA,2014,2.781,3.065,0.053,1.569,6.587,200085126.0,3132099937531.0,17870.57,1317.889,6.916,,America,Southern Hemisphere,High,87.0,LAC,19.96,52.1
254,Brazil,BRA,2015,2.619,2.758,0.054,1.492,6.665,201675534.0,3021043246476.0,17530.328,1343.086,6.983,16.0,America,Southern Hemisphere,High,87.0,LAC,19.04,51.9
255,Brazil,BRA,2016,2.42,2.416,0.054,1.389,6.202,203218108.0,2922076150345.0,16983.99,1403.47,6.952,17.0,America,Southern Hemisphere,High,87.0,LAC,18.57,53.4
256,Brazil,BRA,2017,2.429,2.475,0.055,1.382,5.482,204703440.0,2960731613785.0,16988.619,1406.64,6.635,22.0,America,Southern Hemisphere,High,87.0,LAC,18.89,53.3
257,Brazil,BRA,2018,2.312,2.35,0.056,1.297,5.638,206107265.0,3013541086239.0,16915.357,1505.676,6.419,28.0,America,Southern Hemisphere,High,87.0,LAC,18.28,53.9
258,Brazil,BRA,2019,2.298,2.343,0.057,1.285,5.966,207455459.0,3050327159562.0,17194.145,1576.005,6.3,32.0,America,Southern Hemisphere,High,87.0,LAC,18.87,53.5
259,Brazil,BRA,2020,2.147,2.095,0.058,1.274,6.562,208660845.0,2950377451264.0,16401.875,1575.936,6.376,32.0,America,Southern Hemisphere,High,87.0,LAC,18.87,48.8
260,Brazil,BRA,2021,2.37,2.259,0.059,1.347,7.404,209550291.0,3097565215045.0,17089.926,1531.76,6.33,35.0,America,Southern Hemisphere,High,87.0,LAC,18.87,52.9
306,Canada,CAN,2013,16.11,17.468,0.028,1.612,3.915,35293421.0,1514296485427.0,113458.836,1090.315,7.477,6.0,America,Northern Hemisphere,Very High,15.0,,35.0,33.8
307,Canada,CAN,2014,15.854,16.812,0.028,1.593,4.357,35634265.0,1557757464897.0,112508.438,1064.06,7.452,,America,Northern Hemisphere,Very High,15.0,,33.82,33.2
308,Canada,CAN,2015,15.655,15.939,0.028,1.59,4.532,35962236.0,1568025782105.0,111824.336,1095.191,7.427,5.0,America,Northern Hemisphere,Very High,15.0,,34.42,33.7
309,Canada,CAN,2016,15.231,15.04,0.029,1.564,3.842,36353345.0,1583727974022.0,109289.445,1109.252,7.404,6.0,America,Northern Hemisphere,Very High,15.0,,35.46,32.7
310,Canada,CAN,2017,15.395,15.067,0.029,1.575,4.434,36808498.0,1631871440185.0,109394.164,1132.01,7.316,7.0,America,Northern Hemisphere,Very High,15.0,,36.48,33.3
311,Canada,CAN,2018,15.42,14.925,0.029,1.566,3.786,37294996.0,1677189073139.0,109464.797,1109.259,7.328,7.0,America,Northern Hemisphere,Very High,15.0,,35.84,32.5
312,Canada,CAN,2019,15.325,14.534,0.029,1.561,3.175,37782934.0,1708858221312.0,107455.625,1092.604,7.278,9.0,America,Northern Hemisphere,Very High,15.0,,35.05,31.8
313,Canada,CAN,2020,13.733,13.175,0.03,1.491,3.199,38171903.0,1622144486274.0,100465.109,1108.259,7.232,11.0,America,Northern Hemisphere,Very High,15.0,,35.05,29.9
314,Canada,CAN,2021,13.977,13.625,0.03,1.458,3.517,38454058.0,1703443269914.0,100431.008,1103.852,7.103,14.0,America,Northern Hemisphere,Very High,15.0,,35.05,31.1
315,Switzerland,CHE,2013,5.337,18.925,0.001,0.122,0.007,8091199.0,481081829913.0,44387.238,105.032,7.65,3.0,Europe,Northern Hemisphere,Very High,1.0,,38.28,32.5
316,Switzerland,CHE,2014,4.792,19.537,0.001,0.111,-0.014,8190238.0,492386642888.0,42054.887,104.666,7.6185,,Europe,Northern Hemisphere,Very High,1.0,,36.18,32.5
317,Switzerland,CHE,2015,4.678,19.273,0.001,0.109,-0.012,8283940.0,500484653705.0,40599.23,105.561,7.587,1.0,Europe,Northern Hemisphere,Very High,1.0,,33.83,32.3
318,Switzerland,CHE,2016,4.684,20.395,0.001,0.111,-0.025,8374903.0,510838097521.0,37761.055,96.95,7.509,2.0,Europe,Northern Hemisphere,Very High,1.0,,35.31,33.0
319,Switzerland,CHE,2017,4.523,16.002,0.001,0.106,0.007,8453630.0,517799793781.0,37498.082,97.0,7.494,4.0,Europe,Northern Hemisphere,Very High,1.0,,32.82,32.7
320,Switzerland,CHE,2018,4.338,14.932,0.001,0.101,-0.004,8516341.0,532611137213.0,37746.012,98.792,7.487,5.0,Europe,Northern Hemisphere,Very High,1.0,,30.44,33.1
321,Switzerland,CHE,2019,4.293,14.457,0.001,0.099,-0.025,8577525.0,538693495449.0,39166.934,106.805,7.48,6.0,Europe,Northern Hemisphere,Very High,1.0,,31.14,34.0
322,Switzerland,CHE,2020,3.975,12.708,0.001,0.098,-0.035,8640582.0,525896489462.0,35831.172,107.5,7.56,3.0,Europe,Northern Hemisphere,Very High,1.0,,31.14,33.7
323,Switzerland,CHE,2021,4.123,13.873,0.001,0.097,-0.017,8707019.0,548098275898.0,33316.562,105.486,7.571,3.0,Europe,Northern Hemisphere,Very High,1.0,,31.14,33.8
324,Chile,CHL,2013,4.621,5.239,0.003,0.232,2.053,17687006.0,371454072393.0,23393.406,73.875,6.587,28.0,America,Southern Hemisphere,Very High,42.0,LAC,11.66,46.8
325,Chile,CHL,2014,4.343,4.786,0.003,0.219,2.103,17864192.0,378114271615.0,22924.852,79.071,6.6285,,America,Southern Hemisphere,Very High,42.0,LAC,10.68,
326,Chile,CHL,2015,4.531,4.885,0.003,0.231,1.953,18047630.0,386251266445.0,22952.033,85.992,6.67,27.0,America,Southern Hemisphere,Very High,42.0,LAC,11.41,45.3
327,Chile,CHL,2016,4.612,4.863,0.003,0.238,1.977,18267225.0,393022253885.0,23753.109,83.049,6.705,24.0,America,Southern Hemisphere,Very High,42.0,LAC,12.57,
328,Chile,CHL,2017,4.533,4.785,0.003,0.234,1.757,18558868.0,398359518680.0,24265.859,95.397,6.652,20.0,America,Southern Hemisphere,Very High,42.0,LAC,12.65,45.3
329,Chile,CHL,2018,4.469,4.91,0.003,0.23,1.562,18893185.0,414254051745.0,24785.533,108.401,6.476,25.0,America,Southern Hemisphere,Very High,42.0,LAC,13.32,
330,Chile,CHL,2019,4.791,5.103,0.003,0.248,1.415,19197748.0,417331966568.0,24689.287,105.567,6.444,26.0,America,Southern Hemisphere,Very High,42.0,LAC,13.5,
331,Chile,CHL,2020,4.139,4.291,0.003,0.228,1.76,19370621.0,391686945225.0,22842.719,108.616,6.228,39.0,America,Southern Hemisphere,Very High,42.0,LAC,13.5,47.0
332,Chile,CHL,2021,4.298,4.682,0.003,0.227,1.169,19456323.0,437659188270.0,24509.102,110.322,6.172,43.0,America,Southern Hemisphere,Very High,42.0,LAC,13.5,
333,China,CHN,2013,7.21,6.256,0.102,28.185,0.017,1379008040.0,15925464549520.0,24548.49,2852.832,4.978,93.0,Asia,Northern Hemisphere,High,79.0,EAP,21.37,39.7
334,China,CHN,2014,7.188,6.283,0.107,28.129,-0.096,1387951970.0,17103948867278.0,25021.807,3344.307,5.058999999999999,,Asia,Northern Hemisphere,High,79.0,EAP,21.77,39.2
335,China,CHN,2015,7.061,6.296,0.111,27.845,-0.02,1396134171.0,18301224436466.0,25166.627,3587.629,5.14,84.0,Asia,Northern Hemisphere,High,79.0,EAP,21.29,38.6
336,China,CHN,2016,6.943,6.176,0.116,27.543,-0.103,1404052628.0,19545709173693.0,25125.633,3891.976,5.245,83.0,Asia,Northern Hemisphere,High,79.0,EAP,21.73,38.5
337,China,CHN,2017,7.08,6.342,0.12,27.797,-0.131,1412354730.0,20894362082435.0,25949.135,4243.345,5.273,79.0,Asia,Northern Hemisphere,High,79.0,EAP,21.51,39.1
338,China,CHN,2018,7.292,6.655,0.125,28.167,-0.125,1419008954.0,22294284747546.0,27068.061,4659.087,5.246,86.0,Asia,Northern Hemisphere,High,79.0,EAP,21.34,38.5
339,China,CHN,2019,7.526,6.861,0.129,28.888,-0.163,1423520357.0,23631941251482.0,28231.928,5096.059,5.191,93.0,Asia,Northern Hemisphere,High,79.0,EAP,21.96,38.2
340,China,CHN,2020,7.641,6.871,0.134,30.993,-0.185,1426106093.0,24151843898871.0,29095.936,5511.566,5.124,94.0,Asia,Northern Hemisphere,High,79.0,EAP,21.96,37.1
341,China,CHN,2021,7.911,7.072,0.139,30.609,-0.202,1426437269.0,26180600167672.0,30738.947,6170.007,5.339,84.0,Asia,Northern Hemisphere,High,79.0,EAP,21.96,35.7
395,Colombia,COL,2013,1.873,2.262,0.01,0.245,2.9,46151583.0,569534665242.0,10509.707,125.422,6.416,35.0,America,Northern Hemisphere,High,88.0,LAC,9.84,53.5
396,Colombia,COL,2014,1.977,2.43,0.01,0.26,2.028,46565426.0,595158021031.0,10964.914,127.322,6.4465,,America,Northern Hemisphere,High,88.0,LAC,10.2,53.6
397,Colombia,COL,2015,1.938,2.303,0.01,0.257,1.713,46969938.0,612750891790.0,10738.822,126.972,6.477,33.0,America,Northern Hemisphere,High,88.0,LAC,9.69,52.0
398,Colombia,COL,2016,1.931,2.271,0.01,0.259,0.971,47437513.0,625545111723.0,11569.512,131.799,6.481,31.0,America,Northern Hemisphere,High,88.0,LAC,9.37,51.7
399,Colombia,COL,2017,1.734,2.06,0.01,0.232,3.038,48131076.0,634046295892.0,11535.692,157.133,6.357,36.0,America,Northern Hemisphere,High,88.0,LAC,9.0,50.9
400,Colombia,COL,2018,1.852,2.169,0.01,0.247,2.331,49024463.0,650303209362.0,11652.967,156.891,6.26,37.0,America,Northern Hemisphere,High,88.0,LAC,8.81,51.6
401,Colombia,COL,2019,1.983,2.253,0.011,0.267,1.308,49907987.0,671028388046.0,11495.876,151.111,6.125,43.0,America,Northern Hemisphere,High,88.0,LAC,9.09,52.5
402,Colombia,COL,2020,1.823,2.084,0.011,0.263,0.632,50629997.0,622365414246.0,10227.39,138.213,6.163,44.0,America,Northern Hemisphere,High,88.0,LAC,9.09,54.4
403,Colombia,COL,2021,2.027,2.285,0.011,0.281,0.228,51188174.0,690925195330.0,11053.629,165.042,6.012,52.0,America,Northern Hemisphere,High,88.0,LAC,9.09,55.1
458,Cyprus,CYP,2013,5.556,6.44,0.0,0.019,-1.604,1183899.0,24918237857.0,23885.867,1.039,6.466,34.0,Asia,Northern Hemisphere,Very High,29.0,,31.5,37.0
459,Cyprus,CYP,2014,5.766,7.003,0.0,0.02,0.53,1201806.0,24475580582.0,23543.232,0.952,6.077500000000001,,Asia,Northern Hemisphere,Very High,29.0,,32.15,35.6
460,Cyprus,CYP,2015,5.701,6.655,0.0,0.02,-1.09,1219504.0,25312505108.0,23931.43,1.155,5.689,67.0,Asia,Northern Hemisphere,Very High,29.0,,32.32,34.0
461,Cyprus,CYP,2016,5.941,7.166,0.0,0.021,0.085,1237114.0,26976335005.0,25654.014,1.202,5.546,69.0,Asia,Northern Hemisphere,Very High,29.0,,37.77,32.9
462,Cyprus,CYP,2017,5.955,7.667,0.0,0.021,0.493,1254274.0,28523085691.0,25987.689,1.22,5.621,65.0,Asia,Northern Hemisphere,Very High,29.0,,39.0,31.4
463,Cyprus,CYP,2018,5.764,7.428,0.0,0.02,-0.621,1270743.0,30134014224.0,25545.797,1.29,5.762,61.0,Asia,Northern Hemisphere,Very High,29.0,,33.71,32.7
464,Cyprus,CYP,2019,5.693,7.193,0.0,0.02,-0.624,1286669.0,31800247242.0,25253.969,1.437,6.046,49.0,Asia,Northern Hemisphere,Very High,29.0,,36.58,31.2
465,Cyprus,CYP,2020,5.301,6.301,0.0,0.02,-0.419,1302250.0,30409793367.0,21717.27,1.801,6.159,45.0,Asia,Northern Hemisphere,Very High,29.0,,36.58,31.7
466,Cyprus,CYP,2021,5.276,6.534,0.0,0.019,-0.619,1317311.0,32428676744.0,22653.711,2.196,6.223,39.0,Asia,Northern Hemisphere,Very High,29.0,,36.58,31.3
467,Czechia,CZE,2013,10.152,10.478,0.005,0.303,-0.718,10511164.0,276764861619.0,46638.129,29.329,6.29,39.0,Europe,Northern Hemisphere,Very High,32.0,,20.51,26.5
468,Czechia,CZE,2014,9.911,10.008,0.005,0.294,-0.582,10517223.0,283025537919.0,45633.422,29.737,6.3975,,Europe,Northern Hemisphere,Very High,32.0,,21.13,25.9
469,Czechia,CZE,2015,9.976,10.216,0.005,0.297,-0.445,10524418.0,298276052489.0,44726.094,30.153,6.505,31.0,Europe,Northern Hemisphere,Very High,32.0,,21.43,25.9
470,Czechia,CZE,2016,10.125,10.247,0.005,0.301,-0.328,10531946.0,305844147713.0,44091.977,30.033,6.596,27.0,Europe,Northern Hemisphere,Very High,32.0,,21.4,25.4
471,Czechia,CZE,2017,10.22,10.572,0.005,0.299,-0.485,10541343.0,321652381589.0,46538.844,30.803,6.609,23.0,Europe,Northern Hemisphere,Very High,32.0,,22.09,24.9
472,Czechia,CZE,2018,10.079,10.931,0.005,0.289,-0.537,10548934.0,332009886797.0,46357.695,30.056,6.711,21.0,Europe,Northern Hemisphere,Very High,32.0,,21.41,25.0
473,Czechia,CZE,2019,9.569,10.508,0.005,0.272,-0.539,10554872.0,342069373423.0,45278.137,32.041,6.852,20.0,Europe,Northern Hemisphere,Very High,32.0,,21.3,25.3
474,Czechia,CZE,2020,8.688,9.648,0.005,0.261,-0.533,10550129.0,323245433506.0,41949.023,33.161,6.911,19.0,Europe,Northern Hemisphere,Very High,32.0,,21.3,26.2
475,Czechia,CZE,2021,9.176,10.519,0.005,0.262,-0.54,10530683.0,334729441747.0,44290.191,33.74,6.965,18.0,Europe,Northern Hemisphere,Very High,32.0,,21.3,26.2
476,Germany,DEU,2013,10.263,11.47,0.04,2.358,-0.049,81041581.0,3497463140441.0,47734.965,445.798,6.672,26.0,Europe,Northern Hemisphere,Very High,9.0,,20.36,31.4
477,Germany,DEU,2014,9.74,11.155,0.04,2.235,-0.02,81376078.0,3574741315261.0,45596.504,472.924,6.711,,Europe,Northern Hemisphere,Very High,9.0,,20.7,30.8
478,Germany,DEU,2015,9.757,10.959,0.04,2.262,-0.036,82077546.0,3628073946157.0,46064.484,537.013,6.75,26.0,Europe,Northern Hemisphere,Very High,9.0,,20.06,31.4
479,Germany,DEU,2016,9.642,10.998,0.041,2.255,-0.005,82760102.0,3708979940863.0,46416.703,537.348,6.994,16.0,Europe,Northern Hemisphere,Very High,9.0,,20.5,31.3
480,Germany,DEU,2017,9.441,10.851,0.041,2.181,-0.019,83104010.0,3808389445530.0,47525.457,602.521,6.951,16.0,Europe,Northern Hemisphere,Very High,9.0,,21.29,31.3
481,Germany,DEU,2018,9.101,10.701,0.041,2.066,-0.065,83368507.0,3845758522294.0,46125.492,619.775,6.965,15.0,Europe,Northern Hemisphere,Very High,9.0,,20.23,31.9
482,Germany,DEU,2019,8.481,10.129,0.042,1.911,-0.072,83559184.0,3886392581475.0,44922.695,661.812,6.985,17.0,Europe,Northern Hemisphere,Very High,9.0,,19.4,32.2
483,Germany,DEU,2020,7.739,9.299,0.042,1.841,-0.058,83628711.0,3742721113842.0,41838.684,692.78,7.076,17.0,Europe,Northern Hemisphere,Very High,9.0,,19.4,32.5
484,Germany,DEU,2021,8.101,9.965,0.042,1.839,-0.044,83697080.0,3841041747482.0,42994.242,644.416,7.155,13.0,Europe,Northern Hemisphere,Very High,9.0,,19.4,33.6
503,Denmark,DNK,2013,7.437,10.098,0.002,0.118,0.869,5615333.0,245578374484.0,37700.766,45.78,7.693,1.0,Europe,Northern Hemisphere,Very High,6.0,,26.63,28.5
504,Denmark,DNK,2014,6.657,9.826,0.002,0.106,0.3,5643795.0,249555233739.0,36068.551,50.869,7.609999999999999,,Europe,Northern Hemisphere,Very High,6.0,,25.85,28.4
505,Denmark,DNK,2015,6.177,9.355,0.002,0.099,0.356,5683698.0,255401297489.0,35007.945,53.053,7.527,3.0,Europe,Northern Hemisphere,Very High,6.0,,24.7,28.2
506,Denmark,DNK,2016,6.445,9.589,0.002,0.104,0.41,5728196.0,263691544304.0,35194.582,51.763,7.526,1.0,Europe,Northern Hemisphere,Very High,6.0,,24.35,28.2
507,Denmark,DNK,2017,6.013,9.542,0.002,0.096,0.544,5765164.0,271132202845.0,35208.766,61.02,7.522,2.0,Europe,Northern Hemisphere,Very High,6.0,,24.86,28.7
508,Denmark,DNK,2018,5.973,9.817,0.002,0.094,0.374,5793824.0,276526484620.0,34539.766,57.987,7.555,3.0,Europe,Northern Hemisphere,Very High,6.0,,25.98,28.2
509,Denmark,DNK,2019,5.323,9.119,0.002,0.083,0.286,5814618.0,280656364923.0,37285.684,64.486,7.6,2.0,Europe,Northern Hemisphere,Very High,6.0,,25.86,27.7
510,Denmark,DNK,2020,4.853,8.292,0.002,0.08,0.264,5831529.0,275058379473.0,32952.969,65.536,7.646,2.0,Europe,Northern Hemisphere,Very High,6.0,,25.86,27.5
511,Denmark,DNK,2021,5.055,9.154,0.002,0.08,0.402,5856774.0,288414406840.0,32756.869,73.192,7.62,2.0,Europe,Northern Hemisphere,Very High,6.0,,25.86,28.3
530,Ecuador,ECU,2013,2.511,2.793,0.003,0.112,0.689,15807132.0,166075183974.0,11356.213,29.342,5.865,49.0,America,Southern Hemisphere,High,95.0,LAC,10.1,46.9
531,Ecuador,ECU,2014,2.729,2.961,0.003,0.123,4.348,16035127.0,172367775440.0,11759.381,30.702,5.92,,America,Southern Hemisphere,High,95.0,LAC,10.32,45.0
532,Ecuador,ECU,2015,2.539,2.836,0.003,0.117,1.1,16266229.0,172538423301.0,11560.524,34.864,5.975,48.0,America,Southern Hemisphere,High,95.0,LAC,9.0,46.0
533,Ecuador,ECU,2016,2.386,2.48,0.003,0.111,1.056,16505142.0,170423090933.0,11354.271,41.754,5.976,51.0,America,Southern Hemisphere,High,95.0,LAC,7.65,45.0
534,Ecuador,ECU,2017,2.339,2.612,0.003,0.109,0.616,16759515.0,174458721084.0,11641.728,52.167,6.008,44.0,America,Southern Hemisphere,High,95.0,LAC,8.06,44.7
535,Ecuador,ECU,2018,2.255,2.627,0.003,0.105,1.852,17049542.0,176707497535.0,12104.737,53.275,5.973,48.0,America,Southern Hemisphere,High,95.0,LAC,7.86,45.4
536,Ecuador,ECU,2019,2.312,2.681,0.003,0.108,1.511,17340017.0,176728682555.0,12187.595,62.988,6.028,50.0,America,Southern Hemisphere,High,95.0,LAC,7.74,45.7
537,Ecuador,ECU,2020,1.851,2.143,0.003,0.092,0.717,17546058.0,162965075602.0,10421.851,61.972,5.925,58.0,America,Southern Hemisphere,High,95.0,LAC,7.74,47.3
538,Ecuador,ECU,2021,2.159,2.479,0.003,0.104,0.507,17682454.0,169866634253.0,12023.042,64.753,5.764,66.0,America,Southern Hemisphere,High,95.0,LAC,7.74,45.8
539,Egypt,EGY,2013,2.298,2.354,0.002,0.621,0.012,95333551.0,984556585202.0,10209.089,37.95,4.273,130.0,Africa,Northern Hemisphere,High,97.0,AS,6.47,
540,Egypt,EGY,2014,2.33,2.523,0.002,0.641,0.022,97528655.0,1035721838706.0,9863.477,37.544,4.233499999999999,,Africa,Northern Hemisphere,High,97.0,AS,6.67,
541,Egypt,EGY,2015,2.276,2.6,0.002,0.64,0.007,99597334.0,1079611566322.0,9800.544,39.544,4.194,135.0,Africa,Northern Hemisphere,High,97.0,AS,6.84,31.8
542,Egypt,EGY,2016,2.412,2.67,0.003,0.693,0.022,101644583.0,1121578599865.0,10135.914,39.768,4.362,120.0,Africa,Northern Hemisphere,High,97.0,AS,7.16,
543,Egypt,EGY,2017,2.443,2.511,0.003,0.704,0.017,103696055.0,1158060486104.0,10325.806,38.75,4.735,104.0,Africa,Northern Hemisphere,High,97.0,AS,7.14,31.5
544,Egypt,EGY,2018,2.289,2.387,0.003,0.659,0.023,105682092.0,1220661740193.0,10137.438,40.955,4.419,122.0,Africa,Northern Hemisphere,High,97.0,AS,7.94,
545,Egypt,EGY,2019,2.176,2.291,0.003,0.631,0.025,107553159.0,1289253465646.0,9749.406,48.489,4.166,137.0,Africa,Northern Hemisphere,High,97.0,AS,8.22,31.9
546,Egypt,EGY,2020,2.253,2.378,0.003,0.701,0.028,109315118.0,1307778142529.0,9028.072,58.677,4.151,138.0,Africa,Northern Hemisphere,High,97.0,AS,8.22,
547,Egypt,EGY,2021,2.405,2.626,0.003,0.724,0.024,110957005.0,1400985648780.0,9564.884,62.466,4.283,132.0,Africa,Northern Hemisphere,High,97.0,AS,8.22,28.5
557,Spain,ESP,2013,5.38,6.64,0.006,0.715,-0.315,46860394.0,1413362053623.0,33685.816,300.382,6.322,38.0,Europe,Northern Hemisphere,Very High,27.0,,15.85,36.2
558,Spain,ESP,2014,5.429,5.963,0.007,0.715,-0.336,46720187.0,1433089409797.0,33266.539,298.185,6.3255,,Europe,Northern Hemisphere,Very High,27.0,,15.96,36.1
559,Spain,ESP,2015,5.789,6.027,0.007,0.763,-0.462,46683683.0,1488098863146.0,33697.949,264.0,6.329,36.0,Europe,Northern Hemisphere,Very High,27.0,,15.75,36.2
560,Spain,ESP,2016,5.554,5.899,0.007,0.733,-0.423,46732768.0,1533303930046.0,33871.598,283.168,6.361,37.0,Europe,Northern Hemisphere,Very High,27.0,,15.42,35.8
561,Spain,ESP,2017,5.835,6.279,0.007,0.76,-0.525,46868594.0,1578931492849.0,34181.582,242.857,6.403,34.0,Europe,Northern Hemisphere,Very High,27.0,,14.11,34.7
562,Spain,ESP,2018,5.702,6.352,0.007,0.731,-0.439,47092817.0,1615001473949.0,34584.289,288.54,6.31,36.0,Europe,Northern Hemisphere,Very High,27.0,,13.99,34.7
563,Spain,ESP,2019,5.285,5.989,0.007,0.676,-0.484,47435121.0,1647042667976.0,33390.262,267.171,6.354,30.0,Europe,Northern Hemisphere,Very High,27.0,,13.48,34.3
564,Spain,ESP,2020,4.441,5.282,0.007,0.602,-0.441,47679482.0,1460507935923.0,29844.283,307.592,6.401,28.0,Europe,Northern Hemisphere,Very High,27.0,,13.48,34.9
565,Spain,ESP,2021,4.793,5.766,0.007,0.621,-0.006,47735670.0,1541121952313.0,32091.293,336.409,6.491,27.0,Europe,Northern Hemisphere,Very High,27.0,,13.48,33.9
566,Estonia,EST,2013,14.898,13.404,0.001,0.056,-1.324,1317920.0,30600421813.0,58776.996,3.637,5.426,72.0,Europe,Northern Hemisphere,Very High,31.0,,36.93,35.1
567,Estonia,EST,2014,14.29,13.585,0.001,0.053,-0.454,1314457.0,31521829560.0,56419.855,4.161,5.4275,,Europe,Northern Hemisphere,Very High,31.0,,37.56,34.6
568,Estonia,EST,2015,12.004,13.033,0.001,0.045,-0.298,1314580.0,32106015454.0,52204.055,4.558,5.429,73.0,Europe,Northern Hemisphere,Very High,31.0,,39.23,32.7
569,Estonia,EST,2016,13.248,13.002,0.001,0.049,-1.24,1315850.0,33119083785.0,53777.426,4.594,5.517,72.0,Europe,Northern Hemisphere,Very High,31.0,,44.31,31.2
570,Estonia,EST,2017,14.131,13.014,0.001,0.052,-1.045,1317430.0,35037377711.0,59573.93,5.402,5.611,66.0,Europe,Northern Hemisphere,Very High,31.0,,44.54,30.4
571,Estonia,EST,2018,13.465,14.016,0.001,0.048,-0.832,1321972.0,36363239216.0,58911.23,6.058,5.739,63.0,Europe,Northern Hemisphere,Very High,31.0,,36.99,30.3
572,Estonia,EST,2019,9.261,11.497,0.001,0.033,-1.021,1326822.0,37723175050.0,47301.492,6.49,5.893,55.0,Europe,Northern Hemisphere,Very High,31.0,,37.53,30.8
573,Estonia,EST,2020,6.918,9.726,0.001,0.026,-0.741,1329675.0,37515273353.0,44171.176,8.971,6.022,51.0,Europe,Northern Hemisphere,Very High,31.0,,37.53,30.7
574,Estonia,EST,2021,7.802,10.743,0.001,0.028,-0.713,1331750.0,40521483538.0,46137.703,8.743,6.189,40.0,Europe,Northern Hemisphere,Very High,31.0,,37.53,31.8
584,Finland,FIN,2013,9.509,12.403,0.003,0.147,3.772,5439057.0,202349011206.0,62841.867,74.721,7.389,7.0,Europe,Northern Hemisphere,Very High,11.0,,38.22,27.2
585,Finland,FIN,2014,8.719,11.426,0.003,0.134,3.944,5461686.0,201610622550.0,60388.477,78.717,7.3975,,Europe,Northern Hemisphere,Very High,11.0,,39.24,26.8
586,Finland,FIN,2015,8.065,10.303,0.003,0.125,4.176,5479719.0,202706706722.0,60020.109,89.101,7.406,6.0,Europe,Northern Hemisphere,Very High,11.0,,36.9,27.1
587,Finland,FIN,2016,8.598,10.775,0.003,0.134,4.319,5495468.0,208405735062.0,60792.52,85.3,7.413,5.0,Europe,Northern Hemisphere,Very High,11.0,,38.35,27.1
588,Finland,FIN,2017,8.107,10.769,0.003,0.124,4.79,5508398.0,215058877437.0,59403.098,90.141,7.469,5.0,Europe,Northern Hemisphere,Very High,11.0,,37.39,27.4
589,Finland,FIN,2018,8.292,11.144,0.003,0.125,5.076,5515730.0,217509947213.0,60525.258,92.022,7.632,1.0,Europe,Northern Hemisphere,Very High,11.0,,37.83,27.3
590,Finland,FIN,2019,7.687,10.248,0.003,0.114,5.115,5521754.0,220173891564.0,59218.777,92.01,7.769,1.0,Europe,Northern Hemisphere,Very High,11.0,,36.73,27.7
591,Finland,FIN,2020,6.821,9.247,0.003,0.107,5.12,5529616.0,214988893865.0,56776.078,100.422,7.809,1.0,Europe,Northern Hemisphere,Very High,11.0,,36.73,27.1
592,Finland,FIN,2021,6.825,9.889,0.003,0.103,5.503,5541069.0,221538476826.0,57854.73,110.278,7.842,1.0,Europe,Northern Hemisphere,Very High,11.0,,36.73,27.7
602,France,FRA,2013,5.591,7.507,0.016,1.021,-0.216,64387736.0,2414733629218.0,45428.73,284.361,6.764,25.0,Europe,Northern Hemisphere,Very High,28.0,,20.95,32.5
603,France,FRA,2014,5.067,6.936,0.016,0.924,-0.208,64692495.0,2437822780219.0,43247.398,272.726,6.6695,,Europe,Northern Hemisphere,Very High,28.0,,20.75,32.3
604,France,FRA,2015,5.116,6.696,0.016,0.938,-0.096,64916337.0,2464953810985.0,43493.316,266.623,6.575,29.0,Europe,Northern Hemisphere,Very High,28.0,,20.15,32.7
605,France,FRA,2016,5.155,6.99,0.016,0.948,-0.171,65086853.0,2491956183265.0,42506.238,282.738,6.478,32.0,Europe,Northern Hemisphere,Very High,28.0,,19.79,31.9
606,France,FRA,2017,5.183,6.939,0.016,0.941,0.287,65284775.0,2549057506683.0,42218.559,266.731,6.442,31.0,Europe,Northern Hemisphere,Very High,28.0,,19.7,31.6
607,France,FRA,2018,4.931,6.961,0.016,0.88,-0.207,65519537.0,2596599107835.0,42589.262,316.88,6.489,23.0,Europe,Northern Hemisphere,Very High,28.0,,17.61,32.4
608,France,FRA,2019,4.812,6.734,0.016,0.853,0.172,65729460.0,2644453795826.0,41554.387,316.482,6.592,24.0,Europe,Northern Hemisphere,Very High,28.0,,17.1,31.2
609,France,FRA,2020,4.272,6.054,0.017,0.801,-0.031,65905273.0,2438594133224.0,37087.555,336.373,6.664,23.0,Europe,Northern Hemisphere,Very High,28.0,,17.1,30.7
610,France,FRA,2021,4.65,6.661,0.017,0.833,-0.129,66083547.0,2604822841790.0,39307.219,330.825,6.69,21.0,Europe,Northern Hemisphere,Very High,28.0,,17.1,31.5
638,United Kingdom,GBR,2013,7.418,9.704,0.034,1.354,0.275,64389386.0,2296252599482.0,37094.207,158.219,6.883,22.0,Europe,Northern Hemisphere,Very High,18.0,,17.86,32.7
639,United Kingdom,GBR,2014,6.765,9.325,0.034,1.237,0.207,64865914.0,2369725553442.0,34774.93,190.845,6.875,,Europe,Northern Hemisphere,Very High,18.0,,19.09,33.1
640,United Kingdom,GBR,2015,6.461,9.131,0.034,1.193,0.343,65382107.0,2426435869267.0,34863.777,239.227,6.867,21.0,Europe,Northern Hemisphere,Very High,18.0,,18.97,33.3
641,United Kingdom,GBR,2016,6.062,8.844,0.034,1.129,0.324,65893359.0,2478973016876.0,34099.367,237.927,6.725,23.0,Europe,Northern Hemisphere,Very High,18.0,,18.27,33.1
642,United Kingdom,GBR,2017,5.838,8.414,0.035,1.077,0.187,66354473.0,2539548543933.0,33924.512,277.959,6.714,19.0,Europe,Northern Hemisphere,Very High,18.0,,18.2,32.6
643,United Kingdom,GBR,2018,5.689,8.168,0.035,1.034,0.35,66752473.0,2582848171416.0,33653.051,311.597,6.814,19.0,Europe,Northern Hemisphere,Very High,18.0,,18.01,33.7
644,United Kingdom,GBR,2019,5.435,7.819,0.035,0.984,0.158,67110958.0,2624285076706.0,32676.998,341.011,7.054,15.0,Europe,Northern Hemisphere,Very High,18.0,,17.85,32.8
645,United Kingdom,GBR,2020,4.844,6.977,0.035,0.928,0.136,67351860.0,2334804059780.0,29440.059,374.262,7.165,13.0,Europe,Northern Hemisphere,Very High,18.0,,17.85,32.7
646,United Kingdom,GBR,2021,5.059,7.649,0.035,0.929,0.03,67668788.0,2512190098029.0,29422.24,344.991,7.064,17.0,Europe,Northern Hemisphere,Very High,18.0,,17.85,32.4
701,Greece,GRC,2013,7.45,7.657,0.002,0.232,-1.868,10967534.0,241650188710.0,29934.105,38.441,5.435,70.0,Europe,Northern Hemisphere,Very High,33.0,,19.36,36.1
702,Greece,GRC,2014,7.219,7.368,0.002,0.222,-1.711,10893169.0,242799798246.0,28266.357,32.873,5.146,,Europe,Northern Hemisphere,Very High,33.0,,18.79,35.8
703,Greece,GRC,2015,6.924,7.005,0.002,0.212,-1.947,10820902.0,242323725826.0,28807.496,39.583,4.857,102.0,Europe,Northern Hemisphere,Very High,33.0,,17.81,36.0
704,Greece,GRC,2016,6.622,7.041,0.002,0.202,-2.179,10775506.0,241143085639.0,28489.859,39.518,5.033,99.0,Europe,Northern Hemisphere,Very High,33.0,,16.77,35.0
705,Greece,GRC,2017,6.96,7.327,0.002,0.208,-2.328,10753532.0,243776808141.0,29962.0,36.637,5.227,87.0,Europe,Northern Hemisphere,Very High,33.0,,15.94,34.4
706,Greece,GRC,2018,6.689,7.587,0.002,0.195,-0.135,10730846.0,247844015413.0,30199.467,42.326,5.358,79.0,Europe,Northern Hemisphere,Very High,33.0,,14.94,32.9
707,Greece,GRC,2019,6.133,7.026,0.002,0.177,-2.258,10718581.0,252514250712.0,29564.295,42.361,5.287,82.0,Europe,Northern Hemisphere,Very High,33.0,,15.17,33.1
708,Greece,GRC,2020,5.194,6.41,0.002,0.158,-1.752,10699370.0,229777821500.0,25885.273,46.031,5.515,77.0,Europe,Northern Hemisphere,Very High,33.0,,15.17,33.6
709,Greece,GRC,2021,5.438,6.765,0.002,0.156,-1.811,10579561.0,249158215293.0,28596.289,57.441,5.723,68.0,Europe,Northern Hemisphere,Very High,33.0,,15.17,32.9
764,Croatia,HRV,2013,4.337,5.675,0.001,0.052,-0.323,4242403.0,80064089923.0,22645.891,24.161,5.661,58.0,Europe,Northern Hemisphere,Very High,40.0,,16.33,32.0
765,Croatia,HRV,2014,4.183,4.778,0.001,0.05,-0.097,4219485.0,79720242860.0,22753.666,25.72,5.71,,Europe,Northern Hemisphere,Very High,40.0,,15.32,32.1
766,Croatia,HRV,2015,4.253,5.364,0.001,0.05,-0.201,4183732.0,81731110395.0,21755.668,19.449,5.759,62.0,Europe,Northern Hemisphere,Very High,40.0,,15.74,31.1
767,Croatia,HRV,2016,4.371,5.587,0.001,0.051,-0.799,4136438.0,84640158587.0,22901.484,21.289,5.488,74.0,Europe,Northern Hemisphere,Very High,40.0,,16.97,30.9
768,Croatia,HRV,2017,4.587,5.713,0.001,0.052,-0.911,4079198.0,87528490789.0,23235.795,18.124,5.293,77.0,Europe,Northern Hemisphere,Very High,40.0,,16.48,30.4
769,Croatia,HRV,2018,4.396,6.142,0.001,0.048,-0.619,4024868.0,89979865983.0,24388.486,25.074,5.321,82.0,Europe,Northern Hemisphere,Very High,40.0,,16.81,29.7
770,Croatia,HRV,2019,4.47,6.038,0.001,0.048,-0.186,3986338.0,93057982684.0,24035.391,22.018,5.432,75.0,Europe,Northern Hemisphere,Very High,40.0,,17.06,28.9
771,Croatia,HRV,2020,4.267,5.817,0.001,0.048,-0.589,3953956.0,85073361985.0,23110.643,22.578,5.505,79.0,Europe,Northern Hemisphere,Very High,40.0,,17.06,29.5
772,Croatia,HRV,2021,4.434,6.046,0.001,0.047,-0.884,3924607.0,96194363488.0,25050.172,27.782,5.882,60.0,Europe,Northern Hemisphere,Very High,40.0,,17.06,28.9
782,Hungary,HUN,2013,4.397,6.013,0.002,0.123,-0.986,9889344.0,209511661762.0,24070.496,9.747,4.775,110.0,Europe,Northern Hemisphere,Very High,46.0,,13.24,31.5
783,Hungary,HUN,2014,4.425,5.953,0.002,0.123,-0.941,9862843.0,218378634753.0,24158.225,11.428,4.7875,,Europe,Northern Hemisphere,Very High,46.0,,14.93,30.9
784,Hungary,HUN,2015,4.733,6.031,0.002,0.132,-0.828,9839211.0,226474616785.0,25514.207,11.477,4.8,104.0,Europe,Northern Hemisphere,Very High,46.0,,13.55,30.4
785,Hungary,HUN,2016,4.795,6.182,0.002,0.133,-0.743,9810529.0,231459349147.0,26042.918,11.612,5.145,91.0,Europe,Northern Hemisphere,Very High,46.0,,13.92,30.3
786,Hungary,HUN,2017,5.051,6.737,0.002,0.137,-0.764,9785608.0,241347220007.0,27519.338,11.941,5.324,75.0,Europe,Northern Hemisphere,Very High,46.0,,13.85,30.6
787,Hungary,HUN,2018,5.051,6.822,0.002,0.134,-0.73,9774395.0,254289117363.0,27746.227,13.069,5.62,69.0,Europe,Northern Hemisphere,Very High,46.0,,14.75,
788,Hungary,HUN,2019,5.031,6.661,0.002,0.133,-1.452,9770346.0,266658311342.0,28135.389,15.402,5.758,62.0,Europe,Northern Hemisphere,Very High,46.0,,15.27,
789,Hungary,HUN,2020,4.832,6.203,0.002,0.134,-0.513,9749459.0,254563881936.0,27727.416,18.299,6.0,53.0,Europe,Northern Hemisphere,Very High,46.0,,15.27,
790,Hungary,HUN,2021,4.978,6.737,0.003,0.131,-0.728,9707848.0,272892486007.0,29250.391,21.808,5.992,53.0,Europe,Northern Hemisphere,Very High,46.0,,15.27,
791,Indonesia,IDN,2013,1.929,1.991,0.034,1.399,4.843,255852464.0,2437876929100.0,7131.105,82.807,5.348,76.0,Asia,Southern Hemisphere,High,114.0,EAP,6.5,38.9
792,Indonesia,IDN,2014,1.924,1.97,0.035,1.404,5.172,258877395.0,2559933272409.0,7171.866,87.533,5.3735,,Asia,Southern Hemisphere,High,114.0,EAP,6.53,38.8
793,Indonesia,IDN,2015,2.105,2.083,0.036,1.557,6.847,261799249.0,2684763880628.0,7243.952,76.045,5.399,74.0,Asia,Southern Hemisphere,High,114.0,EAP,6.65,38.2
794,Indonesia,IDN,2016,2.071,2.073,0.036,1.548,3.304,264627429.0,2819889903036.0,7120.307,109.633,5.314,79.0,Asia,Southern Hemisphere,High,114.0,EAP,6.34,36.9
795,Indonesia,IDN,2017,2.136,2.123,0.037,1.587,2.923,267346654.0,2962852274581.0,7569.616,111.897,5.262,81.0,Asia,Southern Hemisphere,High,114.0,EAP,6.48,36.4
796,Indonesia,IDN,2018,2.25,2.248,0.038,1.653,2.919,269951847.0,3116158974437.0,7896.082,171.458,5.093,96.0,Asia,Southern Hemisphere,High,114.0,EAP,6.66,36.3
797,Indonesia,IDN,2019,2.441,2.438,0.038,1.793,3.739,272489381.0,3272568062078.0,8271.658,194.482,5.192,92.0,Asia,Southern Hemisphere,High,114.0,EAP,6.77,35.4
798,Indonesia,IDN,2020,2.268,2.292,0.039,1.773,2.438,274814861.0,3204972631957.0,7700.858,225.746,5.286,84.0,Asia,Southern Hemisphere,High,114.0,EAP,6.77,35.3
799,Indonesia,IDN,2021,2.287,2.267,0.04,1.717,2.503,276758056.0,3323654666991.0,7937.188,243.844,5.345,82.0,Asia,Southern Hemisphere,High,114.0,EAP,6.77,35.5
809,Ireland,IRL,2013,8.061,9.516,0.001,0.106,1.074,4624686.0,222738952818.0,35677.523,15.832,7.076,18.0,Europe,Northern Hemisphere,Very High,8.0,,25.38,33.5
810,Ireland,IRL,2014,7.911,9.6,0.001,0.104,0.709,4658236.0,236178350686.0,35325.18,17.889,7.008,,Europe,Northern Hemisphere,Very High,8.0,,26.37,31.9
811,Ireland,IRL,2015,8.233,9.314,0.001,0.109,1.214,4702497.0,249955928768.0,36983.117,21.597,6.94,18.0,Europe,Northern Hemisphere,Very High,8.0,,27.92,31.8
812,Ireland,IRL,2016,8.492,9.442,0.001,0.114,1.34,4753506.0,255118282428.0,38268.473,20.85,6.907,19.0,Europe,Northern Hemisphere,Very High,8.0,,32.19,32.8
813,Ireland,IRL,2017,8.116,9.492,0.001,0.109,1.324,4810258.0,266528546717.0,37987.566,24.831,6.977,15.0,Europe,Northern Hemisphere,Very High,8.0,,31.29,31.4
814,Ireland,IRL,2018,7.988,9.507,0.001,0.106,1.118,4872559.0,282500483309.0,38347.988,28.057,6.977,14.0,Europe,Northern Hemisphere,Very High,8.0,,37.25,30.6
815,Ireland,IRL,2019,7.54,9.37,0.001,0.1,0.858,4933493.0,294503693886.0,38065.551,32.338,7.021,16.0,Europe,Northern Hemisphere,Very High,8.0,,49.25,30.3
816,Ireland,IRL,2020,7.035,7.986,0.001,0.1,0.174,4982602.0,274762344680.0,35439.918,36.334,7.094,16.0,Europe,Northern Hemisphere,Very High,8.0,,49.25,29.2
817,Ireland,IRL,2021,7.452,8.353,0.001,0.102,0.36,5028428.0,287639621097.0,35772.973,31.71,7.085,15.0,Europe,Northern Hemisphere,Very High,8.0,,49.25,29.4
818,Iran,IRN,2013,7.586,6.043,0.007,1.729,-0.293,80414689.0,1287095594893.0,33255.664,38.024,4.643,115.0,Asia,Northern Hemisphere,High,76.0,SA,12.06,34.0
819,Iran,IRN,2014,7.904,6.462,0.007,1.816,-0.316,81502045.0,1352737013920.0,34196.25,37.562,4.6645,,Asia,Northern Hemisphere,High,76.0,SA,11.88,34.8
820,Iran,IRN,2015,7.77,7.109,0.008,1.813,-0.283,82619365.0,1331012211481.0,33441.344,33.961,4.686,110.0,Asia,Northern Hemisphere,High,76.0,SA,11.06,35.3
821,Iran,IRN,2016,7.692,6.342,0.008,1.822,-0.285,83812230.0,1413723685657.0,34845.238,39.221,4.813,105.0,Asia,Northern Hemisphere,High,76.0,SA,10.9,35.9
822,Iran,IRN,2017,8.19,6.678,0.008,1.936,-0.284,85026761.0,1486668357750.0,35561.832,44.166,4.692,108.0,Asia,Northern Hemisphere,High,76.0,SA,10.96,36.7
823,Iran,IRN,2018,7.716,6.11,0.008,1.809,0.624,86117999.0,1483607175221.0,36251.887,26.966,4.707,106.0,Asia,Northern Hemisphere,High,76.0,SA,12.53,37.4
824,Iran,IRN,2019,8.354,7.061,0.009,1.961,0.236,87051649.0,1438754460224.0,37875.234,86.908,4.548,117.0,Asia,Northern Hemisphere,High,76.0,SA,13.16,36.5
825,Iran,IRN,2020,8.499,7.432,0.009,2.121,0.108,87723448.0,1446203709942.0,39001.836,61.588,4.672,118.0,Asia,Northern Hemisphere,High,76.0,SA,13.16,35.8
826,Iran,IRN,2021,8.813,7.491,0.009,2.114,0.024,88455490.0,1525523070071.0,38159.27,38.438,4.721,118.0,Asia,Northern Hemisphere,High,76.0,SA,13.16,35.5
845,Israel,ISR,2013,8.142,10.911,0.001,0.179,0.091,7749369.0,235885601546.0,34478.062,1.558,7.301,11.0,Asia,Northern Hemisphere,Very High,22.0,,25.55,39.9
846,Israel,ISR,2014,7.633,10.947,0.001,0.17,0.011,7897173.0,245129958334.0,33001.949,2.572,7.2895,,Asia,Northern Hemisphere,Very High,22.0,,26.0,39.8
847,Israel,ISR,2015,7.815,10.559,0.001,0.178,-0.012,8052916.0,251223879854.0,34152.684,3.489,7.278,11.0,Asia,Northern Hemisphere,Very High,22.0,,28.57,39.7
848,Israel,ISR,2016,7.45,10.697,0.001,0.173,0.486,8210006.0,262584215516.0,34174.199,4.893,7.267,11.0,Asia,Northern Hemisphere,Very High,22.0,,26.49,39.0
849,Israel,ISR,2017,7.038,10.104,0.001,0.164,0.231,8361796.0,273812314306.0,34165.57,4.995,7.213,11.0,Asia,Northern Hemisphere,Very High,22.0,,28.61,38.2
850,Israel,ISR,2018,7.049,10.644,0.001,0.163,0.116,8510067.0,284956472967.0,34337.16,5.518,7.19,11.0,Asia,Northern Hemisphere,Very High,22.0,,29.83,38.6
851,Israel,ISR,2019,6.809,10.213,0.001,0.159,0.088,8657466.0,296799271432.0,34826.125,8.737,7.139,13.0,Asia,Northern Hemisphere,Very High,22.0,,30.76,38.3
852,Israel,ISR,2020,6.737,9.605,0.001,0.169,0.046,8800380.0,291287719910.0,32400.352,11.447,7.129,14.0,Asia,Northern Hemisphere,Very High,22.0,,30.76,37.8
853,Israel,ISR,2021,6.592,10.113,0.001,0.16,0.02,8942925.0,316373426613.0,32656.467,14.236,7.157,12.0,Asia,Northern Hemisphere,Very High,22.0,,30.76,37.9
854,Italy,ITA,2013,6.091,8.057,0.01,1.047,-0.703,60653864.0,2010255414011.0,30716.307,313.725,6.021,45.0,Europe,Northern Hemisphere,Very High,30.0,,13.74,34.9
855,Italy,ITA,2014,5.759,7.732,0.01,0.985,-0.72,60664169.0,2010164047423.0,29940.508,333.739,5.984500000000001,,Europe,Northern Hemisphere,Very High,30.0,,13.37,34.7
856,Italy,ITA,2015,5.964,7.607,0.011,1.02,-0.637,60575314.0,2025809415322.0,30350.078,304.388,5.948,50.0,Europe,Northern Hemisphere,Very High,30.0,,13.16,35.4
857,Italy,ITA,2016,5.922,7.671,0.011,1.012,-0.549,60478103.0,2052012434345.0,30333.92,299.222,5.977,50.0,Europe,Northern Hemisphere,Very High,30.0,,13.48,35.2
858,Italy,ITA,2017,5.84,7.613,0.011,0.98,-0.665,60390317.0,2086237040647.0,30594.736,287.981,5.964,48.0,Europe,Northern Hemisphere,Very High,30.0,,13.55,35.9
859,Italy,ITA,2018,5.791,7.744,0.011,0.95,-0.012,60277496.0,2105551772855.0,30853.664,315.249,6.0,47.0,Europe,Northern Hemisphere,Very High,30.0,,12.33,35.2
860,Italy,ITA,2019,5.648,7.492,0.011,0.916,-0.381,60130136.0,2115725732767.0,30599.51,318.252,6.223,36.0,Europe,Northern Hemisphere,Very High,30.0,,11.85,34.6
861,Italy,ITA,2020,5.051,6.714,0.011,0.861,-0.477,59912763.0,1925751927111.0,27764.078,320.361,6.387,30.0,Europe,Northern Hemisphere,Very High,30.0,,11.85,35.2
862,Italy,ITA,2021,5.624,7.564,0.011,0.911,0.04,59729353.0,2060299944789.0,29887.174,319.47,6.483,28.0,Europe,Northern Hemisphere,Very High,30.0,,11.85,34.8
881,Japan,JPN,2013,10.271,11.643,0.028,3.719,-0.054,127723642.0,4621006950566.0,43658.484,324.029,6.064,43.0,Asia,Northern Hemisphere,Very High,19.0,,22.8,31.5
882,Japan,JPN,2014,9.886,11.013,0.028,3.553,-0.042,127486601.0,4634693421103.0,42606.789,357.539,6.0255,,Asia,Northern Hemisphere,Very High,19.0,,22.42,31.3
883,Japan,JPN,2015,9.585,10.378,0.029,3.446,-0.035,127275868.0,4707025000790.0,42138.867,410.581,5.987,46.0,Asia,Northern Hemisphere,Very High,19.0,,20.3,30.7
884,Japan,JPN,2016,9.436,10.403,0.029,3.39,-0.036,127159950.0,4742508721138.0,41646.914,400.425,5.921,53.0,Asia,Northern Hemisphere,Very High,19.0,,19.28,31.8
885,Japan,JPN,2017,9.321,10.145,0.03,3.292,-0.009,127064686.0,4821960242931.0,42137.562,427.926,5.92,51.0,Asia,Northern Hemisphere,Very High,19.0,,19.47,31.8
886,Japan,JPN,2018,8.971,10.041,0.03,3.099,0.008,126913432.0,4852985093686.0,41899.98,457.705,5.915,54.0,Asia,Northern Hemisphere,Very High,19.0,,18.89,32.9
887,Japan,JPN,2019,8.698,9.832,0.031,2.972,-0.02,126699421.0,4833467877373.0,41086.219,459.348,5.886,58.0,Asia,Northern Hemisphere,Very High,19.0,,18.18,33.0
888,Japan,JPN,2020,8.213,9.372,0.031,2.95,0.011,126304533.0,4626661481209.0,38203.219,501.689,5.871,62.0,Asia,Northern Hemisphere,Very High,19.0,,18.18,32.3
889,Japan,JPN,2021,8.422,9.706,0.032,2.871,0.036,125679342.0,4725883595048.0,40020.164,540.688,5.94,56.0,Asia,Northern Hemisphere,Very High,19.0,,18.18,
890,Kazakhstan,KAZ,2013,14.441,11.432,0.009,0.719,-0.934,17556502.0,400574375261.0,41671.484,19.785,5.671,57.0,Asia,Northern Hemisphere,Very High,56.0,ECA,38.56,27.1
891,Kazakhstan,KAZ,2014,16.79,12.234,0.009,0.843,-0.209,17816285.0,417799078586.0,43168.984,21.062,5.763,,Asia,Northern Hemisphere,Very High,56.0,ECA,39.4,27.0
892,Kazakhstan,KAZ,2015,16.758,13.829,0.01,0.856,-0.675,18084175.0,421977118608.0,35163.887,23.918,5.855,54.0,Asia,Northern Hemisphere,Very High,56.0,ECA,44.26,26.8
893,Kazakhstan,KAZ,2016,16.431,12.428,0.01,0.853,-0.697,18363600.0,425774884998.0,38735.684,30.117,5.919,54.0,Asia,Northern Hemisphere,Very High,56.0,ECA,37.86,27.2
894,Kazakhstan,KAZ,2017,17.034,12.835,0.01,0.883,-0.547,18651931.0,442384368842.0,41010.547,29.113,5.819,60.0,Asia,Northern Hemisphere,Very High,56.0,ECA,34.22,27.5
895,Kazakhstan,KAZ,2018,17.408,12.028,0.01,0.897,-0.843,18932725.0,460522121041.0,41684.305,27.129,5.79,60.0,Asia,Northern Hemisphere,Very High,56.0,ECA,32.72,27.8
896,Kazakhstan,KAZ,2019,15.411,10.997,0.01,0.798,-0.432,19209556.0,481245619523.0,41578.891,27.471,5.809,60.0,Asia,Northern Hemisphere,Very High,56.0,ECA,34.41,28.0
897,Kazakhstan,KAZ,2020,14.464,11.216,0.01,0.801,-0.308,19482116.0,468733212615.0,37774.996,29.467,6.058,50.0,Asia,Northern Hemisphere,Very High,56.0,ECA,34.41,28.7
898,Kazakhstan,KAZ,2021,12.404,9.691,0.01,0.664,-0.46,19743607.0,487951301251.0,41644.129,31.004,6.152,45.0,Asia,Northern Hemisphere,Very High,56.0,ECA,34.41,29.2
944,South Korea,KOR,2013,12.674,13.376,0.006,1.799,-0.101,50071168.0,1700045113031.0,64755.305,32.286,6.267,41.0,Asia,Northern Hemisphere,Very High,19.0,,21.21,
945,South Korea,KOR,2014,12.453,13.746,0.007,1.775,-0.043,50539055.0,1754480590300.0,64689.973,41.046,6.125500000000001,,Asia,Northern Hemisphere,Very High,19.0,,21.49,31.2
946,South Korea,KOR,2015,12.439,13.265,0.007,1.791,-0.037,50983909.0,1803763858886.0,65128.559,48.042,5.984,47.0,Asia,Northern Hemisphere,Very High,19.0,,21.49,
947,South Korea,KOR,2016,12.435,13.05,0.007,1.802,-0.084,51297836.0,1856920794289.0,67038.734,56.572,5.835,57.0,Asia,Northern Hemisphere,Very High,19.0,,21.6,35.2
948,South Korea,KOR,2017,12.713,13.631,0.008,1.819,-0.089,51486268.0,1915599559593.0,67581.461,68.386,5.838,55.0,Asia,Northern Hemisphere,Very High,19.0,,22.72,34.9
949,South Korea,KOR,2018,12.977,14.508,0.008,1.824,-0.057,51640894.0,1971285914824.0,68987.422,84.679,5.875,57.0,Asia,Northern Hemisphere,Very High,19.0,,21.65,33.7
950,South Korea,KOR,2019,12.481,14.209,0.008,1.742,-0.093,51767844.0,2015521635585.0,67917.344,98.352,5.895,54.0,Asia,Northern Hemisphere,Very High,19.0,,22.01,33.2
951,South Korea,KOR,2020,11.524,13.152,0.008,1.7,-0.106,51858481.0,2001231642062.0,65364.605,117.038,5.872,61.0,Asia,Northern Hemisphere,Very High,19.0,,22.01,32.7
952,South Korea,KOR,2021,11.882,13.84,0.009,1.671,-0.13,51848401.0,2084182684453.0,68918.578,138.026,5.845,62.0,Asia,Northern Hemisphere,Very High,19.0,,22.01,32.9
1016,Sri Lanka,LKA,2013,0.662,1.571,0.001,0.04,0.706,21358829.0,220937614421.0,3708.73,18.441,4.151,137.0,Asia,Northern Hemisphere,High,73.0,SA,3.52,
1017,Sri Lanka,LKA,2014,0.792,1.721,0.001,0.048,0.594,21547454.0,235029015924.0,3986.135,12.504,4.211,,Asia,Northern Hemisphere,High,73.0,SA,5.73,
1018,Sri Lanka,LKA,2015,0.883,1.784,0.001,0.054,0.738,21729975.0,244914328998.0,4201.579,16.31,4.271,132.0,Asia,Northern Hemisphere,High,73.0,SA,6.2,
1019,Sri Lanka,LKA,2016,1.02,1.986,0.001,0.063,0.663,21910763.0,257292293131.0,4603.753,11.932,4.415,117.0,Asia,Northern Hemisphere,High,73.0,SA,4.55,39.3
1020,Sri Lanka,LKA,2017,1.004,1.953,0.001,0.062,0.982,22087525.0,273915973018.0,4832.206,11.766,4.44,120.0,Asia,Northern Hemisphere,High,73.0,SA,7.29,
1021,Sri Lanka,LKA,2018,0.905,1.916,0.001,0.055,0.624,22253116.0,280243422762.0,5049.593,17.832,4.471,116.0,Asia,Northern Hemisphere,High,73.0,SA,4.33,
1022,Sri Lanka,LKA,2019,0.942,1.926,0.001,0.057,0.487,22410552.0,279626891521.0,5043.847,14.378,4.366,130.0,Asia,Northern Hemisphere,High,73.0,SA,4.36,37.7
1023,Sri Lanka,LKA,2020,0.905,1.855,0.001,0.058,0.415,22561808.0,269918239631.0,4653.029,15.486,4.327,130.0,Asia,Northern Hemisphere,High,73.0,SA,4.36,
1024,Sri Lanka,LKA,2021,0.917,2.015,0.001,0.056,0.368,22700377.0,278898406287.0,4795.043,22.572,4.325,129.0,Asia,Northern Hemisphere,High,73.0,SA,4.36,
1034,Lithuania,LTU,2013,4.444,6.935,0.001,0.037,0.324,2958359.0,63937849304.0,21436.043,4.775,5.426,71.0,Europe,Northern Hemisphere,Very High,35.0,,39.23,35.3
1035,Lithuania,LTU,2014,4.379,7.053,0.001,0.036,-0.236,2933171.0,66199372603.0,20866.352,4.81,5.6295,,Europe,Northern Hemisphere,Very High,35.0,,41.49,37.7
1036,Lithuania,LTU,2015,4.489,6.951,0.001,0.037,-1.137,2905771.0,67539660018.0,22063.779,5.307,5.833,56.0,Europe,Northern Hemisphere,Very High,35.0,,36.91,37.4
1037,Lithuania,LTU,2016,4.566,7.546,0.001,0.037,-1.38,2869109.0,69240911932.0,22908.295,6.195,5.813,60.0,Europe,Northern Hemisphere,Very High,35.0,,37.99,38.4
1038,Lithuania,LTU,2017,4.693,7.884,0.001,0.037,-0.929,2829317.0,72206131673.0,24440.611,7.492,5.902,52.0,Europe,Northern Hemisphere,Very High,35.0,,39.93,37.3
1039,Lithuania,LTU,2018,4.787,8.521,0.001,0.037,-0.031,2802485.0,75089601435.0,25323.756,6.737,5.952,50.0,Europe,Northern Hemisphere,Very High,35.0,,38.38,35.7
1040,Lithuania,LTU,2019,4.883,8.023,0.001,0.037,-0.639,2795057.0,78562641002.0,25257.848,7.331,6.149,42.0,Europe,Northern Hemisphere,Very High,35.0,,40.13,35.3
1041,Lithuania,LTU,2020,4.829,7.346,0.001,0.038,-0.658,2795766.0,78545278418.0,25143.193,7.943,6.215,41.0,Europe,Northern Hemisphere,Very High,35.0,,40.13,36.0
1042,Lithuania,LTU,2021,4.93,8.076,0.001,0.037,-0.81,2794490.0,83242845981.0,25102.789,8.384,6.255,38.0,Europe,Northern Hemisphere,Very High,35.0,,40.13,36.7
1043,Luxembourg,LUX,2013,18.999,18.064,0.0,0.029,0.328,543358.0,29514812514.0,84092.562,1.621,7.054,19.0,Europe,Northern Hemisphere,Very High,17.0,,62.16,32.0
1044,Luxembourg,LUX,2014,17.629,17.319,0.0,0.028,0.328,556285.0,30289014849.0,79589.086,1.876,7.0,,Europe,Northern Hemisphere,Very High,17.0,,57.31,31.2
1045,Luxembourg,LUX,2015,16.389,16.438,0.0,0.026,0.236,569540.0,30976491415.0,75560.039,2.107,6.946,17.0,Europe,Northern Hemisphere,Very High,17.0,,51.55,32.9
1046,Luxembourg,LUX,2016,15.556,15.283,0.0,0.026,0.278,583511.0,32518554202.0,72765.094,2.246,6.871,20.0,Europe,Northern Hemisphere,Very High,17.0,,46.52,31.7
1047,Luxembourg,LUX,2017,15.509,14.93,0.0,0.026,0.275,596506.0,32946911821.0,74357.836,2.889,6.863,18.0,Europe,Northern Hemisphere,Very High,17.0,,46.69,34.5
1048,Luxembourg,LUX,2018,15.715,14.363,0.0,0.026,0.229,608109.0,33348602359.0,76353.008,3.227,6.91,17.0,Europe,Northern Hemisphere,Very High,17.0,,42.21,35.4
1049,Luxembourg,LUX,2019,15.722,13.648,0.0,0.026,0.263,620167.0,34122291521.0,76250.828,3.642,7.09,14.0,Europe,Northern Hemisphere,Very High,17.0,,45.47,34.2
1050,Luxembourg,LUX,2020,12.796,11.51,0.0,0.023,0.297,630597.0,33850190319.0,64289.547,4.287,7.238,10.0,Europe,Northern Hemisphere,Very High,17.0,,45.47,33.4
1051,Luxembourg,LUX,2021,13.134,12.485,0.0,0.023,0.209,640276.0,35577396523.0,67493.578,4.278,7.324,8.0,Europe,Northern Hemisphere,Very High,17.0,,45.47,32.7
1052,Latvia,LVA,2013,3.661,6.327,0.001,0.021,-0.067,2013004.0,41350512828.0,22147.385,9.57,5.046,88.0,Europe,Northern Hemisphere,Very High,39.0,,29.67,35.5
1053,Latvia,LVA,2014,3.597,6.088,0.001,0.02,0.225,1994153.0,42137028688.0,20567.852,7.702,5.072,,Europe,Northern Hemisphere,Very High,39.0,,33.02,35.1
1054,Latvia,LVA,2015,3.672,6.382,0.001,0.021,2.038,1977874.0,43774190659.0,21292.598,7.79,5.098,89.0,Europe,Northern Hemisphere,Very High,39.0,,29.74,34.2
1055,Latvia,LVA,2016,3.679,6.356,0.001,0.02,0.652,1959863.0,44810998817.0,22950.191,9.402,5.56,68.0,Europe,Northern Hemisphere,Very High,39.0,,31.17,34.3
1056,Latvia,LVA,2017,3.714,7.18,0.001,0.02,0.517,1942599.0,46295495418.0,25378.883,14.362,5.85,54.0,Europe,Northern Hemisphere,Very High,39.0,,31.53,35.6
1057,Latvia,LVA,2018,4.069,8.229,0.001,0.021,1.358,1927586.0,48143398790.0,22825.789,9.745,5.933,53.0,Europe,Northern Hemisphere,Very High,39.0,,31.52,35.1
1058,Latvia,LVA,2019,3.988,7.874,0.001,0.021,1.006,1914267.0,49380620266.0,23645.102,8.92,5.94,53.0,Europe,Northern Hemisphere,Very High,39.0,,31.04,34.5
1059,Latvia,LVA,2020,3.682,7.061,0.001,0.02,0.999,1901119.0,48292861660.0,21682.367,10.138,5.95,57.0,Europe,Northern Hemisphere,Very High,39.0,,31.04,35.7
1060,Latvia,LVA,2021,3.828,7.931,0.001,0.02,0.679,1885593.0,50255494980.0,22845.332,10.29,6.032,51.0,Europe,Northern Hemisphere,Very High,39.0,,31.04,34.3
1070,Morocco,MAR,2013,1.675,1.83,0.001,0.16,-0.088,33787573.0,256393198875.0,6333.073,10.23,4.885,99.0,Africa,Northern Hemisphere,Medium,123.0,AS,7.93,39.5
1071,Morocco,MAR,2014,1.672,1.791,0.001,0.161,-0.14,34204784.0,263251716082.0,6344.875,9.062,4.949,,Africa,Northern Hemisphere,Medium,123.0,AS,7.53,
1072,Morocco,MAR,2015,1.69,1.779,0.001,0.165,0.996,34607590.0,274689990243.0,6381.802,11.165,5.013,92.0,Africa,Northern Hemisphere,Medium,123.0,AS,6.86,
1073,Morocco,MAR,2016,1.669,1.887,0.001,0.165,0.698,35023459.0,276121131010.0,6376.418,11.702,5.151,90.0,Africa,Northern Hemisphere,Medium,123.0,AS,6.66,
1074,Morocco,MAR,2017,1.724,1.883,0.001,0.17,0.088,35446395.0,290087315215.0,6595.896,11.587,5.235,84.0,Africa,Northern Hemisphere,Medium,123.0,AS,6.89,
1075,Morocco,MAR,2018,1.739,1.912,0.001,0.17,-0.491,35839760.0,298981397583.0,6747.087,16.13,5.254,85.0,Africa,Northern Hemisphere,Medium,123.0,AS,6.95,
1076,Morocco,MAR,2019,1.898,2.007,0.001,0.185,0.423,36210907.0,307624970074.0,7286.229,18.672,5.208,89.0,Africa,Northern Hemisphere,Medium,123.0,AS,6.95,
1077,Morocco,MAR,2020,1.764,1.852,0.001,0.184,0.034,36584208.0,285515953096.0,6625.93,17.233,5.095,97.0,Africa,Northern Hemisphere,Medium,123.0,AS,6.95,
1078,Morocco,MAR,2021,1.902,2.013,0.001,0.191,-0.086,36954443.0,308157391278.0,7275.982,19.077,4.918,106.0,Africa,Northern Hemisphere,Medium,123.0,AS,6.95,
1115,Mexico,MEX,2013,4.186,4.982,0.012,1.404,0.265,118343572.0,1803059285337.0,18952.084,108.269,7.088,16.0,America,Northern Hemisphere,High,86.0,LAC,10.3,
1116,Mexico,MEX,2014,4.041,4.894,0.013,1.365,0.312,119784265.0,1854551091374.0,18621.592,143.018,7.1375,,America,Northern Hemisphere,High,86.0,LAC,10.12,48.9
1117,Mexico,MEX,2015,3.96,4.727,0.013,1.354,0.215,121072310.0,1916008739051.0,18215.734,129.053,7.187,14.0,America,Northern Hemisphere,High,86.0,LAC,9.81,
1118,Mexico,MEX,2016,3.917,4.679,0.013,1.353,-0.238,122251344.0,1961906742138.0,18618.848,130.223,6.778,21.0,America,Northern Hemisphere,High,86.0,LAC,9.74,46.9
1119,Mexico,MEX,2017,3.763,4.544,0.013,1.291,-0.157,123400052.0,2007719438156.0,18879.297,134.188,6.578,25.0,America,Northern Hemisphere,High,86.0,LAC,10.05,
1120,Mexico,MEX,2018,3.76,4.585,0.013,1.275,-0.284,124573713.0,2051539127317.0,18337.242,144.553,6.488,24.0,America,Northern Hemisphere,High,86.0,LAC,10.89,46.0
1121,Mexico,MEX,2019,3.723,4.476,0.014,1.263,0.494,125762978.0,2047701179708.0,17971.641,149.725,6.595,23.0,America,Northern Hemisphere,High,86.0,LAC,10.85,
1122,Mexico,MEX,2020,3.383,3.959,0.014,1.22,0.13,126799053.0,1880176557054.0,16329.474,178.82,6.465,24.0,America,Northern Hemisphere,High,86.0,LAC,10.85,44.6
1123,Mexico,MEX,2021,3.501,4.223,0.014,1.212,-0.183,127648151.0,1973141022977.0,17223.479,208.781,6.317,36.0,America,Northern Hemisphere,High,86.0,LAC,10.85,
1232,Malaysia,MYS,2013,8.009,8.32,0.007,0.685,8.571,30174269.0,615585637854.0,36091.805,36.17,5.76,56.0,Asia,Northern Hemisphere,Very High,62.0,EAP,19.02,41.3
1233,Malaysia,MYS,2014,7.983,8.255,0.007,0.691,8.08,30696133.0,652563833807.0,35757.457,40.296,5.765,,Asia,Northern Hemisphere,Very High,62.0,EAP,18.29,
1234,Malaysia,MYS,2015,7.554,7.552,0.007,0.666,5.602,31232796.0,685237676618.0,35686.035,42.81,5.77,61.0,Asia,Northern Hemisphere,Very High,62.0,EAP,18.88,41.1
1235,Malaysia,MYS,2016,7.464,7.64,0.008,0.67,4.041,31789692.0,715730748101.0,36876.836,57.986,6.005,47.0,Asia,Northern Hemisphere,Very High,62.0,EAP,18.63,
1236,Malaysia,MYS,2017,7.555,7.614,0.008,0.68,3.439,32355642.0,757336192678.0,36732.113,74.735,6.084,42.0,Asia,Northern Hemisphere,Very High,62.0,EAP,19.93,
1237,Malaysia,MYS,2018,7.981,8.081,0.008,0.715,2.747,32910963.0,794013962862.0,36769.809,76.346,6.322,35.0,Asia,Northern Hemisphere,Very High,62.0,EAP,19.35,41.2
1238,Malaysia,MYS,2019,8.303,8.23,0.008,0.749,2.298,33440590.0,829053844392.0,37119.496,79.534,5.339,80.0,Asia,Northern Hemisphere,Very High,62.0,EAP,19.59,
1239,Malaysia,MYS,2020,7.736,7.759,0.008,0.746,2.01,33889554.0,783174020832.0,35317.523,85.538,5.384,82.0,Asia,Northern Hemisphere,Very High,62.0,EAP,19.59,
1240,Malaysia,MYS,2021,7.973,7.996,0.008,0.741,2.135,34282404.0,807389756202.0,36500.762,95.275,5.384,81.0,Asia,Northern Hemisphere,Very High,62.0,EAP,19.59,40.7
1295,Netherlands,NLD,2013,9.72,10.516,0.005,0.468,0.338,16967066.0,735982982299.0,62644.008,38.315,7.512,4.0,Europe,Northern Hemisphere,Very High,10.0,,29.76,28.1
1296,Netherlands,NLD,2014,9.249,9.694,0.005,0.444,0.373,17030085.0,746458868661.0,59678.543,37.048,7.445,,Europe,Northern Hemisphere,Very High,10.0,,30.62,28.6
1297,Netherlands,NLD,2015,9.584,9.391,0.005,0.463,0.343,17107429.0,761083250759.0,60001.301,41.3,7.378,7.0,Europe,Northern Hemisphere,Very High,10.0,,31.34,28.2
1298,Netherlands,NLD,2016,9.579,9.83,0.005,0.466,0.357,17204693.0,777764090323.0,60683.609,43.12,7.339,7.0,Europe,Northern Hemisphere,Very High,10.0,,30.66,28.2
1299,Netherlands,NLD,2017,9.373,9.571,0.006,0.451,0.341,17315376.0,800404023156.0,60761.145,50.322,7.377,6.0,Europe,Northern Hemisphere,Very High,10.0,,31.74,28.5
1300,Netherlands,NLD,2018,9.085,9.499,0.006,0.431,0.313,17421285.0,819300805024.0,58901.457,56.339,7.441,6.0,Europe,Northern Hemisphere,Very High,10.0,,33.03,28.1
1301,Netherlands,NLD,2019,8.709,9.274,0.006,0.412,0.305,17537505.0,835323029559.0,58248.688,68.307,7.488,5.0,Europe,Northern Hemisphere,Very High,10.0,,32.26,29.2
1302,Netherlands,NLD,2020,7.766,8.326,0.006,0.39,0.3,17636732.0,802861622095.0,56095.609,95.868,7.449,6.0,Europe,Northern Hemisphere,Very High,10.0,,32.26,26.0
1303,Netherlands,NLD,2021,7.89,8.984,0.006,0.379,0.297,17730565.0,841906706612.0,57247.258,115.929,7.464,5.0,Europe,Northern Hemisphere,Very High,10.0,,32.26,25.7
1304,Norway,NOR,2013,8.767,10.529,0.001,0.126,0.894,5080126.0,414445317738.0,102996.664,335.291,7.655,2.0,Europe,Northern Hemisphere,Very High,2.0,,44.25,26.4
1305,Norway,NOR,2014,8.754,10.259,0.001,0.127,0.952,5137397.0,422933730082.0,105489.086,352.653,7.5885,,Europe,Northern Hemisphere,Very High,2.0,,41.48,26.8
1306,Norway,NOR,2015,8.772,10.552,0.001,0.129,1.014,5189777.0,430788988142.0,105836.883,356.444,7.522,4.0,Europe,Northern Hemisphere,Very High,2.0,,36.13,27.5
1307,Norway,NOR,2016,8.539,9.402,0.001,0.126,1.072,5235974.0,435806553454.0,106500.5,368.554,7.498,4.0,Europe,Northern Hemisphere,Very High,2.0,,38.26,28.5
1308,Norway,NOR,2017,8.376,9.309,0.001,0.123,1.156,5276807.0,446543702505.0,106154.727,369.764,7.537,1.0,Europe,Northern Hemisphere,Very High,2.0,,38.63,27.0
1309,Norway,NOR,2018,8.372,9.161,0.001,0.121,1.155,5311751.0,450245217440.0,103850.727,360.424,7.594,2.0,Europe,Northern Hemisphere,Very High,2.0,,36.73,27.6
1310,Norway,NOR,2019,8.016,9.031,0.001,0.116,1.228,5347733.0,455304831150.0,96479.188,330.294,7.554,3.0,Europe,Northern Hemisphere,Very High,2.0,,38.82,27.7
1311,Norway,NOR,2020,7.673,8.672,0.002,0.117,1.221,5379275.0,449485260525.0,103430.57,377.977,7.488,5.0,Europe,Northern Hemisphere,Very High,2.0,,38.82,28.4
1312,Norway,NOR,2021,7.592,7.809,0.002,0.111,1.329,5408082.0,467007972731.0,105249.945,388.789,7.392,6.0,Europe,Northern Hemisphere,Very High,2.0,,38.82,29.1
1349,Pakistan,PAK,2013,0.702,0.783,0.002,0.42,0.044,211073979.0,918328534363.0,3673.495,81.284,5.292,81.0,Asia,Northern Hemisphere,Low,161.0,SA,2.9,29.5
1350,Pakistan,PAK,2014,0.704,0.798,0.002,0.425,0.023,214264649.0,961516822345.0,3669.797,83.786,5.243,,Asia,Northern Hemisphere,Low,161.0,SA,3.06,
1351,Pakistan,PAK,2015,0.667,0.79,0.003,0.409,0.139,217290884.0,1010825281718.0,3816.599,85.717,5.194,81.0,Asia,Northern Hemisphere,Low,161.0,SA,3.09,31.3
1352,Pakistan,PAK,2016,0.803,0.959,0.003,0.499,0.123,220138863.0,1061146810870.0,4090.315,91.974,5.132,92.0,Asia,Northern Hemisphere,Low,161.0,SA,3.37,
1353,Pakistan,PAK,2017,0.949,1.091,0.003,0.589,0.069,223273974.0,1117267177186.0,4263.787,84.925,5.269,80.0,Asia,Northern Hemisphere,Low,161.0,SA,3.67,
1354,Pakistan,PAK,2018,0.897,1.027,0.003,0.554,-0.015,226928893.0,1165406508457.0,4263.363,85.395,5.472,75.0,Asia,Northern Hemisphere,Low,161.0,SA,3.54,29.6
1355,Pakistan,PAK,2019,0.827,0.95,0.003,0.515,0.053,230800908.0,1172330212219.0,4218.508,100.903,5.653,67.0,Asia,Northern Hemisphere,Low,161.0,SA,3.45,
1356,Pakistan,PAK,2020,0.917,1.024,0.003,0.613,-0.031,235001745.0,1202026422230.0,4083.671,109.215,5.693,66.0,Asia,Northern Hemisphere,Low,161.0,SA,3.45,
1357,Pakistan,PAK,2021,1.017,1.14,0.003,0.661,-0.041,239477805.0,1278204948031.0,4451.399,105.111,4.934,105.0,Asia,Northern Hemisphere,Low,161.0,SA,3.45,
1367,Peru,PER,2013,1.433,1.974,0.003,0.121,1.308,29817908.0,274939626306.0,8806.167,64.66,5.776,55.0,America,Southern Hemisphere,High,84.0,LAC,9.15,43.9
1368,Peru,PER,2014,1.64,2.105,0.003,0.139,2.428,30115825.0,281488723310.0,8926.504,65.648,5.8,,America,Southern Hemisphere,High,84.0,LAC,9.45,43.1
1369,Peru,PER,2015,1.615,2.097,0.003,0.139,1.291,30457598.0,290642734598.0,9247.921,69.108,5.824,58.0,America,Southern Hemisphere,High,84.0,LAC,9.58,43.4
1370,Peru,PER,2016,1.707,2.153,0.003,0.149,1.325,30866497.0,302131843581.0,9684.865,69.438,5.743,64.0,America,Southern Hemisphere,High,84.0,LAC,9.32,43.6
1371,Peru,PER,2017,1.747,2.181,0.003,0.152,0.909,31324639.0,309742529723.0,9691.741,82.497,5.715,63.0,America,Southern Hemisphere,High,84.0,LAC,9.32,43.3
1372,Peru,PER,2018,1.756,2.213,0.004,0.152,0.777,31897590.0,322061010919.0,9982.715,88.46,5.663,65.0,America,Southern Hemisphere,High,84.0,LAC,9.24,42.4
1373,Peru,PER,2019,1.808,2.242,0.004,0.158,0.764,32449302.0,329252610797.0,10064.474,90.071,5.697,65.0,America,Southern Hemisphere,High,84.0,LAC,9.43,41.5
1374,Peru,PER,2020,1.438,1.866,0.004,0.134,0.571,32838577.0,292988745490.0,8766.572,87.938,5.797,63.0,America,Southern Hemisphere,High,84.0,LAC,9.43,43.7
1375,Peru,PER,2021,1.808,2.195,0.004,0.163,0.531,33155883.0,332691638600.0,9877.367,92.159,5.84,63.0,America,Southern Hemisphere,High,84.0,LAC,9.43,40.1
1376,Philippines,PHL,2013,0.929,1.275,0.007,0.269,0.789,102076334.0,674346563689.0,3778.861,60.254,4.985,92.0,Asia,Northern Hemisphere,Medium,116.0,EAP,5.55,
1377,Philippines,PHL,2014,0.964,1.321,0.007,0.282,0.624,103767127.0,717154029846.0,3909.477,60.627,5.029,,Asia,Northern Hemisphere,Medium,116.0,EAP,7.66,
1378,Philippines,PHL,2015,1.054,1.368,0.007,0.314,0.55,105312988.0,762678999551.0,4220.296,64.522,5.073,90.0,Asia,Northern Hemisphere,Medium,116.0,EAP,7.77,44.6
1379,Philippines,PHL,2016,1.126,1.541,0.007,0.34,0.534,106735721.0,817202925336.0,4547.887,67.591,5.279,82.0,Asia,Northern Hemisphere,Medium,116.0,EAP,8.16,
1380,Philippines,PHL,2017,1.235,1.637,0.007,0.371,0.513,108119691.0,873843247356.0,4925.253,70.595,5.43,72.0,Asia,Northern Hemisphere,Medium,116.0,EAP,8.45,
1381,Philippines,PHL,2018,1.278,1.686,0.007,0.381,0.45,109465284.0,929253628653.0,5028.468,71.161,5.524,71.0,Asia,Northern Hemisphere,Medium,116.0,EAP,8.39,42.3
1382,Philippines,PHL,2019,1.287,1.682,0.007,0.385,0.418,110804685.0,986114678778.0,5109.184,68.341,5.631,69.0,Asia,Northern Hemisphere,Medium,116.0,EAP,8.77,
1383,Philippines,PHL,2020,1.173,1.566,0.007,0.374,0.403,112081270.0,892256290776.0,4583.8,66.528,6.006,52.0,Asia,Northern Hemisphere,Medium,116.0,EAP,8.77,
1384,Philippines,PHL,2021,1.24,1.695,0.007,0.38,0.347,113100947.0,943141651518.0,4823.633,71.183,5.88,61.0,Asia,Northern Hemisphere,Medium,116.0,EAP,8.77,40.7
1403,Poland,POL,2013,8.41,7.949,0.013,0.912,-1.26,38259267.0,863601156195.0,29569.779,57.048,5.822,51.0,Europe,Northern Hemisphere,Very High,34.0,,16.55,33.1
1404,Poland,POL,2014,8.086,7.79,0.013,0.872,-1.279,38265113.0,896737189458.0,28468.607,64.378,5.8065,,Europe,Northern Hemisphere,Very High,34.0,,17.12,32.8
1405,Poland,POL,2015,8.168,7.816,0.013,0.883,-1.242,38266314.0,936043804062.0,28824.648,70.274,5.791,60.0,Europe,Northern Hemisphere,Very High,34.0,,17.55,31.8
1406,Poland,POL,2016,8.449,7.959,0.013,0.913,-1.161,38263260.0,963689941627.0,30061.346,67.435,5.835,58.0,Europe,Northern Hemisphere,Very High,34.0,,17.96,31.2
1407,Poland,POL,2017,8.796,8.295,0.013,0.935,-1.133,38254964.0,1013223736654.0,31585.154,71.379,5.973,46.0,Europe,Northern Hemisphere,Very High,34.0,,17.93,29.7
1408,Poland,POL,2018,8.779,8.597,0.013,0.914,-0.612,38241070.0,1073462064151.0,31957.33,68.534,6.123,42.0,Europe,Northern Hemisphere,Very High,34.0,,17.78,30.2
1409,Poland,POL,2019,8.304,8.101,0.013,0.856,-0.309,38225884.0,1121231497071.0,31059.262,79.444,6.182,40.0,Europe,Northern Hemisphere,Very High,34.0,,17.85,28.8
1410,Poland,POL,2020,7.914,7.549,0.013,0.859,-0.753,38171005.0,1098581305284.0,29845.539,87.02,6.186,43.0,Europe,Northern Hemisphere,Very High,34.0,,17.85,28.5
1411,Poland,POL,2021,8.693,8.258,0.014,0.897,-0.832,38040303.0,1173809548862.0,32196.334,92.762,6.166,44.0,Europe,Northern Hemisphere,Very High,34.0,,17.85,28.5
1421,Portugal,PRT,2013,4.604,4.872,0.001,0.136,-0.353,10458287.0,250405237435.0,27696.83,80.419,5.101,85.0,Europe,Northern Hemisphere,Very High,38.0,,12.56,36.2
1422,Portugal,PRT,2014,4.607,4.793,0.001,0.135,-0.397,10406203.0,252388910611.0,28038.432,85.419,5.1015,,Europe,Northern Hemisphere,Very High,38.0,,12.83,35.6
1423,Portugal,PRT,2015,5.037,5.08,0.001,0.148,-0.421,10370264.0,256911888409.0,27918.504,67.745,5.102,88.0,Europe,Northern Hemisphere,Very High,38.0,,13.33,35.5
1424,Portugal,PRT,2016,4.863,5.346,0.001,0.142,-0.251,10346377.0,262100101273.0,29949.295,86.212,5.123,94.0,Europe,Northern Hemisphere,Very High,38.0,,13.55,35.2
1425,Portugal,PRT,2017,5.34,5.756,0.001,0.153,-0.082,10330838.0,271290329012.0,29221.047,61.549,5.195,89.0,Europe,Northern Hemisphere,Very High,38.0,,13.98,33.8
1426,Portugal,PRT,2018,4.972,5.56,0.001,0.14,0.942,10325355.0,279020275961.0,29450.785,78.575,5.41,77.0,Europe,Northern Hemisphere,Very High,38.0,,12.34,33.5
1427,Portugal,PRT,2019,4.6,5.226,0.001,0.128,0.332,10343218.0,286505655767.0,28333.217,73.342,5.693,66.0,Europe,Northern Hemisphere,Very High,38.0,,12.25,32.8
1428,Portugal,PRT,2020,4.025,4.704,0.001,0.119,0.19,10370519.0,262724232089.0,25577.088,79.964,5.911,59.0,Europe,Northern Hemisphere,Very High,38.0,,12.25,34.7
1429,Portugal,PRT,2021,3.878,4.851,0.001,0.109,0.108,10390957.0,277181288542.0,25646.334,84.396,5.929,58.0,Europe,Northern Hemisphere,Very High,38.0,,12.25,34.6
1457,Qatar,QAT,2013,44.982,27.314,0.001,0.259,0.021,2032650.0,327388964338.0,237978.625,0.249,6.666,27.0,Asia,Northern Hemisphere,Very High,42.0,AS,41.15,
1458,Qatar,QAT,2014,41.31,28.178,0.001,0.258,0.011,2218378.0,344851898869.0,233130.469,0.335,6.6385000000000005,,Asia,Northern Hemisphere,Very High,42.0,AS,46.8,
1459,Qatar,QAT,2015,38.441,30.199,0.001,0.264,0.007,2427340.0,361242719905.0,245295.047,0.389,6.611,28.0,Asia,Northern Hemisphere,Very High,42.0,AS,47.71,
1460,Qatar,QAT,2016,35.154,29.394,0.001,0.258,0.014,2599382.0,372311173588.0,225636.406,0.405,6.375,36.0,Asia,Northern Hemisphere,Very High,42.0,AS,51.08,
1461,Qatar,QAT,2017,39.035,28.953,0.001,0.294,0.025,2706716.0,366733973367.0,208396.75,0.424,6.375,35.0,Asia,Northern Hemisphere,Very High,42.0,AS,44.9,35.1
1462,Qatar,QAT,2018,37.166,27.513,0.001,0.279,0.013,2761144.0,371263146890.0,207650.469,0.441,6.374,32.0,Asia,Northern Hemisphere,Very High,42.0,AS,33.57,
1463,Qatar,QAT,2019,36.252,27.843,0.001,0.273,0.008,2797927.0,373817411294.0,209158.016,0.388,6.374,29.0,Asia,Northern Hemisphere,Very High,42.0,AS,33.72,
1464,Qatar,QAT,2020,36.145,28.162,0.001,0.288,0.006,2803375.0,360517012801.0,183122.625,0.441,,,Asia,Northern Hemisphere,Very High,42.0,AS,33.72,
1465,Qatar,QAT,2021,37.082,26.448,0.001,0.283,0.004,2814988.0,366245595916.0,192920.656,0.439,,,Asia,Northern Hemisphere,Very High,42.0,AS,33.72,
1466,Romania,ROU,2013,3.927,3.857,0.004,0.223,-0.269,20062913.0,357789262640.0,18420.879,53.035,5.033,90.0,Europe,Northern Hemisphere,Very High,53.0,,13.74,36.9
1467,Romania,ROU,2014,3.973,4.019,0.005,0.224,-0.225,19968179.0,372532510801.0,18986.027,65.569,5.0785,,Europe,Northern Hemisphere,Very High,53.0,,13.72,36.0
1468,Romania,ROU,2015,3.928,3.964,0.005,0.22,-0.591,19871018.0,384306463712.0,19180.48,68.48,5.124,86.0,Europe,Northern Hemisphere,Very High,53.0,,15.52,35.9
1469,Romania,ROU,2016,3.873,4.024,0.005,0.216,-0.683,19777049.0,395288226514.0,19269.059,70.954,5.528,71.0,Europe,Northern Hemisphere,Very High,53.0,,15.39,34.4
1470,Romania,ROU,2017,4.034,4.237,0.005,0.221,-0.292,19689405.0,456012361225.0,19702.773,64.221,5.825,57.0,Europe,Northern Hemisphere,Very High,53.0,,15.21,36.0
1471,Romania,ROU,2018,4.076,4.497,0.005,0.217,1.213,19597874.0,473122658487.0,20004.775,68.848,5.945,52.0,Europe,Northern Hemisphere,Very High,53.0,,15.45,35.8
1472,Romania,ROU,2019,3.933,4.366,0.005,0.207,-0.458,19501542.0,456564507688.0,19681.396,65.608,6.07,48.0,Europe,Northern Hemisphere,Very High,53.0,,16.04,34.8
1473,Romania,ROU,2020,3.813,4.176,0.005,0.21,-0.305,19392467.0,483499378450.0,19053.199,66.143,6.124,47.0,Europe,Northern Hemisphere,Very High,53.0,,16.04,34.6
1474,Romania,ROU,2021,4.026,4.465,0.005,0.21,-0.873,19248159.0,505119539256.0,20261.834,69.975,6.14,46.0,Europe,Northern Hemisphere,Very High,53.0,,16.04,33.9
1475,Russia,RUS,2013,11.324,9.563,0.086,4.642,1.806,144604105.0,3500216789791.0,55548.391,464.846,5.464,68.0,Europe,Northern Hemisphere,Very High,52.0,,10.37,40.9
1476,Russia,RUS,2014,11.298,9.301,0.087,4.617,0.881,144925639.0,3525987597216.0,55599.285,443.592,5.59,,Europe,Northern Hemisphere,Very High,52.0,,9.99,36.9
1477,Russia,RUS,2015,11.254,8.735,0.088,4.619,3.079,145307612.0,3456429719677.0,54577.699,428.028,5.716,64.0,Europe,Northern Hemisphere,Very High,52.0,,8.67,36.5
1478,Russia,RUS,2016,11.177,8.729,0.089,4.604,3.122,145778668.0,3463123938280.0,55468.086,467.186,5.856,56.0,Europe,Northern Hemisphere,Very High,52.0,,9.07,36.7
1479,Russia,RUS,2017,11.362,8.917,0.089,4.617,2.931,146186798.0,3526353842599.0,55653.059,467.004,5.963,49.0,Europe,Northern Hemisphere,Very High,52.0,,9.57,35.5
1480,Russia,RUS,2018,11.677,8.542,0.09,4.655,2.166,146430146.0,3625347362801.0,57585.199,479.074,5.81,59.0,Europe,Northern Hemisphere,Very High,52.0,,9.17,35.3
1481,Russia,RUS,2019,11.632,8.778,0.091,4.596,1.812,146533063.0,3705035583500.0,57120.422,487.594,5.648,68.0,Europe,Northern Hemisphere,Very High,52.0,,9.49,35.7
1482,Russia,RUS,2020,11.149,8.735,0.092,4.642,1.435,146371295.0,3606716578675.0,55172.793,536.377,5.546,73.0,Europe,Northern Hemisphere,Very High,52.0,,9.49,33.7
1483,Russia,RUS,2021,11.482,8.49,0.093,4.542,1.647,145836172.0,3809571453737.0,57127.566,545.825,5.477,76.0,Europe,Northern Hemisphere,Very High,52.0,,9.49,35.1
1628,Slovakia,SVK,2013,6.584,7.387,0.002,0.101,0.954,5410422.0,122917618179.0,35965.223,17.951,5.969,46.0,Europe,Northern Hemisphere,Very High,45.0,,20.04,28.1
1629,Slovakia,SVK,2014,6.225,6.95,0.002,0.095,1.078,5415238.0,126232947119.0,33446.344,18.253,5.982,,Europe,Northern Hemisphere,Very High,45.0,,20.97,26.1
1630,Slovakia,SVK,2015,6.37,7.062,0.002,0.098,1.262,5420278.0,132755573802.0,33760.246,18.012,5.995,45.0,Europe,Northern Hemisphere,Very High,45.0,,21.54,26.5
1631,Slovakia,SVK,2016,6.445,7.489,0.002,0.099,1.513,5427262.0,135336424966.0,34039.949,19.355,6.078,45.0,Europe,Northern Hemisphere,Very High,45.0,,22.58,25.2
1632,Slovakia,SVK,2017,6.657,7.272,0.002,0.101,1.261,5435702.0,139312659832.0,35799.367,19.088,6.098,40.0,Europe,Northern Hemisphere,Very High,45.0,,21.91,23.2
1633,Slovakia,SVK,2018,6.648,7.487,0.002,0.099,0.909,5443229.0,144927513498.0,35143.781,17.168,6.173,39.0,Europe,Northern Hemisphere,Very High,45.0,,18.96,25.0
1634,Slovakia,SVK,2019,6.211,7.12,0.002,0.091,0.712,5450627.0,148579167627.0,33913.332,19.316,6.198,38.0,Europe,Northern Hemisphere,Very High,45.0,,19.14,23.2
1635,Slovakia,SVK,2020,5.715,6.588,0.002,0.089,0.574,5455028.0,143565091421.0,33203.387,19.806,6.281,37.0,Europe,Northern Hemisphere,Very High,45.0,,19.14,24.2
1636,Slovakia,SVK,2021,6.477,7.328,0.002,0.096,0.443,5442766.0,147892579134.0,35868.371,19.772,6.331,34.0,Europe,Northern Hemisphere,Very High,45.0,,19.14,24.1
1637,Slovenia,SVN,2013,7.361,8.674,0.0,0.043,2.203,2056452.0,51803647300.0,39280.562,13.898,6.06,44.0,Europe,Northern Hemisphere,Very High,23.0,,26.35,26.2
1638,Slovenia,SVN,2014,6.592,8.364,0.0,0.038,2.018,2058395.0,53237651266.0,40255.164,17.463,5.954,,Europe,Northern Hemisphere,Very High,23.0,,25.92,25.7
1639,Slovenia,SVN,2015,6.631,8.563,0.0,0.039,2.052,2059946.0,54414237086.0,36270.613,11.518,5.848,55.0,Europe,Northern Hemisphere,Very High,23.0,,25.28,25.4
1640,Slovenia,SVN,2016,7.019,8.761,0.0,0.041,2.011,2061379.0,56151179265.0,38740.152,13.094,5.768,63.0,Europe,Northern Hemisphere,Very High,23.0,,26.99,24.8
1641,Slovenia,SVN,2017,7.097,9.418,0.001,0.041,2.044,2062410.0,58855036945.0,39139.125,11.595,5.758,62.0,Europe,Northern Hemisphere,Very High,23.0,,26.39,24.2
1642,Slovenia,SVN,2018,7.037,9.932,0.001,0.04,1.599,2069484.0,61476689663.0,39812.316,14.045,5.948,51.0,Europe,Northern Hemisphere,Very High,23.0,,24.63,24.6
1643,Slovenia,SVN,2019,6.745,9.617,0.001,0.038,1.728,2083438.0,63598215879.0,38399.168,13.753,6.118,44.0,Europe,Northern Hemisphere,Very High,23.0,,25.38,24.4
1644,Slovenia,SVN,2020,6.123,8.765,0.001,0.037,1.347,2102421.0,60849951865.0,36764.934,15.055,6.363,33.0,Europe,Northern Hemisphere,Very High,23.0,,25.38,24.0
1645,Slovenia,SVN,2021,6.187,9.549,0.001,0.035,1.298,2113495.0,65846342756.0,36234.727,14.805,6.461,29.0,Europe,Northern Hemisphere,Very High,23.0,,25.38,24.3
1646,Sweden,SWE,2013,4.698,7.553,0.003,0.128,0.387,9600620.0,399973749048.0,62865.043,224.344,7.48,5.0,Europe,Northern Hemisphere,Very High,7.0,,27.96,28.8
1647,Sweden,SWE,2014,4.474,7.358,0.003,0.122,0.445,9696438.0,410604225974.0,61958.484,231.919,7.422000000000001,,Europe,Northern Hemisphere,Very High,7.0,,29.25,28.4
1648,Sweden,SWE,2015,4.42,7.056,0.003,0.122,0.512,9799483.0,429037422635.0,63479.047,274.841,7.364,8.0,Europe,Northern Hemisphere,Very High,7.0,,29.11,29.2
1649,Sweden,SWE,2016,4.364,7.086,0.003,0.122,0.572,9923281.0,437921057919.0,61411.199,242.278,7.291,10.0,Europe,Northern Hemisphere,Very High,7.0,,29.48,29.6
1650,Sweden,SWE,2017,4.211,7.058,0.003,0.118,0.685,10057864.0,449166531542.0,62771.066,255.426,7.284,10.0,Europe,Northern Hemisphere,Very High,7.0,,29.42,28.8
1651,Sweden,SWE,2018,4.113,6.985,0.003,0.114,0.692,10175400.0,457925387676.0,59869.379,246.462,7.314,9.0,Europe,Northern Hemisphere,Very High,7.0,,27.44,30.0
1652,Sweden,SWE,2019,3.967,6.518,0.003,0.11,0.75,10279120.0,467020665386.0,60882.551,265.789,7.343,7.0,Europe,Northern Hemisphere,Very High,7.0,,26.72,29.3
1653,Sweden,SWE,2020,3.537,5.807,0.003,0.104,0.763,10353682.0,456885314424.0,57977.379,296.72,7.353,7.0,Europe,Northern Hemisphere,Very High,7.0,,26.72,28.9
1654,Sweden,SWE,2021,3.703,6.354,0.003,0.105,0.828,10416134.0,481492421258.0,60836.348,307.327,7.363,7.0,Europe,Northern Hemisphere,Very High,7.0,,26.72,29.8
1718,Thailand,THA,2013,3.776,4.227,0.009,0.748,0.959,69845112.0,962095812070.0,18796.785,49.835,6.371,36.0,Asia,Northern Hemisphere,Very High,66.0,EAP,11.91,37.8
1719,Thailand,THA,2014,3.881,3.93,0.009,0.768,1.1,70216362.0,971562808709.0,19328.395,57.466,6.413,,Asia,Northern Hemisphere,Very High,66.0,EAP,10.81,37.0
1720,Thailand,THA,2015,3.928,3.888,0.009,0.783,0.889,70540787.0,1002011619070.0,19526.947,57.81,6.455,34.0,Asia,Northern Hemisphere,Very High,66.0,EAP,10.49,36.0
1721,Thailand,THA,2016,4.009,4.027,0.009,0.803,0.787,70859835.0,1036430730493.0,19835.943,64.814,6.474,33.0,Asia,Northern Hemisphere,Very High,66.0,EAP,10.4,36.7
1722,Thailand,THA,2017,3.982,4.079,0.01,0.788,0.754,71160183.0,1079732734924.0,20133.205,76.063,6.424,32.0,Asia,Northern Hemisphere,Very High,66.0,EAP,10.74,36.4
1723,Thailand,THA,2018,4.039,4.28,0.01,0.785,1.247,71376081.0,1125329902301.0,20712.488,94.116,6.072,46.0,Asia,Northern Hemisphere,Very High,66.0,EAP,11.32,36.4
1724,Thailand,THA,2019,3.941,4.246,0.01,0.76,1.887,71522264.0,1149130685920.0,20689.293,102.623,6.008,52.0,Asia,Northern Hemisphere,Very High,66.0,EAP,11.75,34.9
1725,Thailand,THA,2020,3.796,4.189,0.01,0.773,2.008,71641484.0,1078332670656.0,19257.477,95.962,5.999,54.0,Asia,Northern Hemisphere,Very High,66.0,EAP,11.75,35.0
1726,Thailand,THA,2021,3.724,4.313,0.01,0.725,1.254,71727338.0,1095187026392.0,19334.578,97.35,5.985,54.0,Asia,Northern Hemisphere,Very High,66.0,EAP,11.75,34.9
1781,Turkey,TUR,2013,4.589,5.294,0.005,0.994,-0.054,76403032.0,1551491738617.0,18483.398,182.671,5.345,77.0,Asia,Northern Hemisphere,Very High,48.0,ECA,17.97,40.2
1782,Turkey,TUR,2014,4.706,5.306,0.005,1.036,-0.16,78036154.0,1628131977724.0,18636.939,137.518,5.3385,,Asia,Northern Hemisphere,Very High,48.0,ECA,17.76,41.2
1783,Turkey,TUR,2015,4.845,5.401,0.006,1.095,-0.052,80014222.0,1727192876718.0,19859.234,215.766,5.332,76.0,Asia,Northern Hemisphere,Very High,48.0,ECA,18.16,42.9
1784,Turkey,TUR,2016,4.967,5.361,0.006,1.146,-0.112,81652087.0,1784590365590.0,20443.309,231.891,5.389,78.0,Asia,Northern Hemisphere,Very High,48.0,ECA,16.4,41.9
1785,Turkey,TUR,2017,5.183,5.554,0.006,1.197,-0.088,83083667.0,1918472081554.0,21512.551,224.584,5.5,69.0,Asia,Northern Hemisphere,Very High,48.0,ECA,16.48,43.5
1786,Turkey,TUR,2018,5.021,5.311,0.006,1.154,-0.457,84415966.0,1975637604336.0,21179.322,251.254,5.483,74.0,Asia,Northern Hemisphere,Very High,48.0,ECA,17.43,42.4
1787,Turkey,TUR,2019,4.763,4.907,0.006,1.096,-0.33,85357670.0,1991116616493.0,21663.299,337.335,5.373,79.0,Asia,Northern Hemisphere,Very High,48.0,ECA,17.49,43.8
1788,Turkey,TUR,2020,4.836,4.892,0.007,1.184,-0.003,86091691.0,2029749392174.0,21161.5,327.603,5.132,93.0,Asia,Northern Hemisphere,Very High,48.0,ECA,17.49,43.0
1789,Turkey,TUR,2021,5.276,5.168,0.007,1.241,0.23,86686254.0,2260196231771.0,22505.564,304.751,4.948,104.0,Asia,Northern Hemisphere,Very High,48.0,ECA,17.49,44.4
1826,Ukraine,UKR,2013,6.45,5.458,0.017,0.843,0.216,46126760.0,472286166147.0,29691.408,39.204,5.057,87.0,Europe,Northern Hemisphere,High,77.0,ECA,10.11,24.6
1827,Ukraine,UKR,2014,5.606,4.248,0.017,0.727,0.156,45972379.0,441233307180.0,26284.715,26.423,4.869,,Europe,Northern Hemisphere,High,77.0,ECA,9.36,24.0
1828,Ukraine,UKR,2015,4.889,3.657,0.017,0.632,0.409,45784904.0,398045419167.0,21915.693,18.461,4.681,111.0,Europe,Northern Hemisphere,High,77.0,ECA,9.47,25.5
1829,Ukraine,UKR,2016,5.132,4.187,0.017,0.661,0.203,45616831.0,407666198456.0,23017.719,23.772,4.324,123.0,Europe,Northern Hemisphere,High,77.0,ECA,10.48,25.0
1830,Ukraine,UKR,2017,4.914,4.395,0.017,0.621,0.211,45436037.0,417287091525.0,21466.02,27.809,4.096,132.0,Europe,Northern Hemisphere,High,77.0,ECA,10.83,26.0
1831,Ukraine,UKR,2018,5.13,4.718,0.017,0.631,0.177,45208903.0,431842093109.0,22384.719,33.007,4.103,138.0,Europe,Northern Hemisphere,High,77.0,ECA,11.26,26.1
1832,Ukraine,UKR,2019,4.942,4.657,0.018,0.599,0.137,44957451.0,445656664440.0,21301.547,30.631,4.332,133.0,Europe,Northern Hemisphere,High,77.0,ECA,11.91,26.6
1833,Ukraine,UKR,2020,4.635,4.353,0.018,0.589,0.123,44680008.0,428931213784.0,20556.209,42.929,4.561,123.0,Europe,Northern Hemisphere,High,77.0,ECA,11.91,25.6
1834,Ukraine,UKR,2021,4.755,4.583,0.018,0.571,0.108,44298642.0,443313281092.0,21105.271,54.635,4.875,110.0,Europe,Northern Hemisphere,High,77.0,ECA,11.91,
1844,United States,USA,2013,17.099,17.612,0.221,15.516,0.007,320110752.0,16122472460312.0,80374.148,1763.835,7.082,17.0,America,Northern Hemisphere,Very High,21.0,,28.09,40.9
1845,United States,USA,2014,17.119,17.821,0.224,15.596,0.232,323115377.0,16491319003554.0,80453.969,1815.237,7.1005,,America,Northern Hemisphere,Very High,21.0,,28.23,41.7
1846,United States,USA,2015,16.461,17.458,0.226,15.164,0.165,326126496.0,16937633974582.0,78949.203,1850.341,7.119,15.0,America,Northern Hemisphere,Very High,21.0,,28.33,41.5
1847,United States,USA,2016,15.935,16.884,0.228,14.82,0.32,329179423.0,17220065720000.0,78155.102,2045.8,7.104,13.0,America,Northern Hemisphere,Very High,21.0,,28.06,41.3
1848,United States,USA,2017,15.639,16.635,0.231,14.442,0.495,332204657.0,17606124654726.0,77729.664,2248.143,6.993,14.0,America,Northern Hemisphere,Very High,21.0,,28.12,41.4
1849,United States,USA,2018,16.001,16.966,0.233,14.595,0.297,335056492.0,18124692769570.0,79893.953,2300.448,6.886,18.0,America,Northern Hemisphere,Very High,21.0,,29.14,41.8
1850,United States,USA,2019,15.5,16.519,0.236,14.118,0.29,337790069.0,18540552700117.0,78683.469,2369.579,6.892,19.0,America,Northern Hemisphere,Very High,21.0,,29.65,41.9
1851,United States,USA,2020,13.817,15.034,0.238,13.34,0.255,339436156.0,18027359681343.0,72562.672,2477.656,6.94,18.0,America,Northern Hemisphere,Very High,21.0,,29.65,40.0
1852,United States,USA,2021,14.758,16.138,0.24,13.617,0.264,340161438.0,19099378164000.0,76307.383,2610.055,6.951,19.0,America,Northern Hemisphere,Very High,21.0,,29.65,39.7
1898,Vietnam,VNM,2013,1.672,1.348,0.005,0.429,1.329,90573103.0,488172621311.0,7244.138,148.249,5.533,63.0,Asia,Northern Hemisphere,High,115.0,EAP,7.8,
1899,Vietnam,VNM,2014,1.964,1.535,0.005,0.508,4.148,91679582.0,519523061605.0,7894.68,158.557,5.4465,,Asia,Northern Hemisphere,High,115.0,EAP,9.85,34.8
1900,Vietnam,VNM,2015,2.299,1.778,0.005,0.603,2.457,92823254.0,555822142751.0,8731.432,142.626,5.36,75.0,Asia,Northern Hemisphere,High,115.0,EAP,10.03,
1901,Vietnam,VNM,2016,2.351,1.845,0.005,0.624,1.809,94000115.0,593006635951.0,9326.302,161.555,5.061,96.0,Asia,Northern Hemisphere,High,115.0,EAP,8.09,35.3
1902,Vietnam,VNM,2017,2.392,1.807,0.006,0.633,1.496,95176978.0,634161327073.0,9981.674,216.395,5.074,94.0,Asia,Northern Hemisphere,High,115.0,EAP,8.16,
1903,Vietnam,VNM,2018,2.655,1.963,0.006,0.695,1.824,96237319.0,681501440291.0,11210.952,209.46,5.103,95.0,Asia,Northern Hemisphere,High,115.0,EAP,8.12,35.7
1904,Vietnam,VNM,2019,3.492,2.52,0.006,0.915,1.364,97173778.0,731653148132.0,12433.123,178.467,5.175,94.0,Asia,Northern Hemisphere,High,115.0,EAP,8.52,
1905,Vietnam,VNM,2020,3.697,2.65,0.006,1.031,1.212,98079196.0,752629620043.0,12527.92,209.976,5.353,83.0,Asia,Northern Hemisphere,High,115.0,EAP,8.52,36.8
1906,Vietnam,VNM,2021,3.176,2.247,0.006,0.852,1.125,98935101.0,771912038182.0,12365.529,267.416,5.411,79.0,Asia,Northern Hemisphere,High,115.0,EAP,8.52,
1943,South Africa,ZAF,2013,8.343,6.529,0.01,1.293,0.149,54678789.0,677278303675.0,26163.137,5.677,4.963,96.0,Africa,Southern Hemisphere,High,109.0,SSA,10.09,
1944,South Africa,ZAF,2014,8.663,6.509,0.01,1.358,0.081,55594840.0,686853872664.0,26046.393,11.72,4.8025,,Africa,Southern Hemisphere,High,109.0,SSA,8.41,59.6
1945,South Africa,ZAF,2015,8.065,6.175,0.01,1.292,0.072,56723536.0,695933197143.0,24952.885,18.241,4.642,113.0,Africa,Southern Hemisphere,High,109.0,SSA,8.06,
1946,South Africa,ZAF,2016,7.982,6.189,0.01,1.291,0.036,57259550.0,700558003750.0,25848.275,21.906,4.459,116.0,Africa,Southern Hemisphere,High,109.0,SSA,7.55,
1947,South Africa,ZAF,2017,7.634,6.028,0.011,1.223,-0.019,57635158.0,708670169977.0,25594.477,31.805,4.829,101.0,Africa,Southern Hemisphere,High,109.0,SSA,7.76,
1948,South Africa,ZAF,2018,7.742,6.063,0.011,1.235,0.005,58613001.0,719458334697.0,24053.697,32.227,4.724,105.0,Africa,Southern Hemisphere,High,109.0,SSA,7.6,
1949,South Africa,ZAF,2019,7.9,6.167,0.011,1.269,0.04,59587880.0,721641639539.0,24698.113,32.905,4.722,106.0,Africa,Southern Hemisphere,High,109.0,SSA,7.55,
1950,South Africa,ZAF,2020,7.188,5.537,0.011,1.238,0.046,60562374.0,675871755463.0,23110.006,36.073,4.814,109.0,Africa,Southern Hemisphere,High,109.0,SSA,7.55,
1951,South Africa,ZAF,2021,7.145,5.334,0.011,1.192,0.053,61502602.0,709077881289.0,22855.135,45.54,4.956,103.0,Africa,Southern Hemisphere,High,109.0,SSA,7.55,
